BRI,Q,gamma,global_best,mean_pool,replacements,eta_CIM_max,eta_CPM_max,Sigma_CPM_max,sparsity,BRI_time
3,1,0.04021,1.7943931732279417e+144,2.337221004672855e+146,48,1.0,1.0,8.722552369921025e+146,0.6975799251825832,70.1
