BRI,Q,gamma,global_best,mean_pool,replacements,eta_CIM_max,eta_CPM_max,Sigma_CPM_max,sparsity,BRI_time
6,1,0.04037,3.093461481808775e+140,3.363105096031409e+143,46,1.0,1.0,1.3162465060177315e+144,0.8243804249318345,71.58
