outer,batch,Q,gamma,R,best_norm,eta_CIM,eta_CPM,Sigma_CPM,wall_time
385,3,3,0.06000,8994,2.3287578661394374e+60,1273.8273038875338,280.2523727214233,0.0,534.26
