outer,batch,Q,gamma,R,best_norm,eta_CIM,eta_CPM,Sigma_CPM,wall_time
75,0,1,0.04136,409,1.1352074277471073e+131,1.0,1.0,1.9095966040084657e+132,24.11
