outer,batch,Q,gamma,R,best_norm,eta_CIM,eta_CPM,Sigma_CPM,wall_time
0,2,1,0.04000,366,9.915380102491617e+147,0.3416073007633526,0.3416073007633526,0.0,20.85
