outer,batch,Q,gamma,R,best_norm,eta_CIM,eta_CPM,Sigma_CPM,wall_time
270,0,1,0.04528,366,5.476467379147306e+90,1.0,1.0,2.0773423811683344e+91,19.1
