outer,batch,Q,gamma,R,best_norm,eta_CIM,eta_CPM,Sigma_CPM,wall_time
145,2,1,0.04276,282,6.300112087389946e+116,1.0,1.0,2.0588255029772597e+118,15.95
