outer,batch,Q,gamma,R,best_norm,eta_CIM,eta_CPM,Sigma_CPM,wall_time
70,0,1,0.04123,357,2.554359139623778e+132,1.0,1.0,1.1053022406487584e+134,17.31
