outer,batch,Q,gamma,R,best_norm,eta_CIM,eta_CPM,Sigma_CPM,wall_time
385,2,3,0.06000,12592,6.453301740068746e+59,4348.75075415523,0.003259451900804859,0.0,717.27
