outer,batch,Q,gamma,R,best_norm,eta_CIM,eta_CPM,Sigma_CPM,wall_time
135,1,1,0.04256,366,4.333946616152288e+119,1.0,1.0,4.97265374125248e+120,20.7
