outer,batch,Q,gamma,R,best_norm,eta_CIM,eta_CPM,Sigma_CPM,wall_time
95,3,1,0.04178,358,5.753613740709605e+127,1.0,1.0,1.5606320447513952e+129,19.87
