outer,batch,Q,gamma,R,best_norm,eta_CIM,eta_CPM,Sigma_CPM,wall_time
310,4,1,0.04612,410,1.4431285078752516e+80,1.0,1.0,4.236215012507163e+81,25.2
