outer,batch,Q,gamma,R,best_norm,eta_CIM,eta_CPM,Sigma_CPM,wall_time
210,0,1,0.04405,353,6.438954937655474e+101,1.0,1.0,1.6419633494522274e+104,20.41
