outer,batch,Q,gamma,R,best_norm,eta_CIM,eta_CPM,Sigma_CPM,wall_time
170,4,1,0.04325,411,1.9091118372398639e+111,1.0,1.0,4.045051706741968e+112,25.72
