outer,batch,Q,gamma,R,best_norm,eta_CIM,eta_CPM,Sigma_CPM,wall_time
370,3,2,0.04074,2353,2.492052378878218e+63,106.08490530968389,0.0029473827774246287,0.0,135.66
