outer,batch,Q,gamma,R,best_norm,eta_CIM,eta_CPM,Sigma_CPM,wall_time
315,4,1,0.04623,356,1.4431285078752516e+80,0.10430009968516162,0.10430009968516162,0.0,17.74
