outer,batch,Q,gamma,R,best_norm,eta_CIM,eta_CPM,Sigma_CPM,wall_time
365,2,2,0.04065,1577,6.885154908347046e+64,30.53549792684172,0.0010070975323170227,0.0,126.9
