outer,batch,Q,gamma,R,best_norm,eta_CIM,eta_CPM,Sigma_CPM,wall_time
280,4,1,0.04549,341,3.185176480446504e+88,1.0,1.0,8.065710662233031e+88,20.56
