outer,batch,Q,gamma,R,best_norm,eta_CIM,eta_CPM,Sigma_CPM,wall_time
305,2,1,0.04602,401,3.0525702833912016e+82,1.978863495978237,1.978863495978237,0.0,26.39
