outer,batch,Q,gamma,R,best_norm,eta_CIM,eta_CPM,Sigma_CPM,wall_time
230,4,1,0.04446,279,4.307369114686519e+97,1.0,1.0,4.642344252679435e+99,15.85
