outer,batch,Q,gamma,R,best_norm,eta_CIM,eta_CPM,Sigma_CPM,wall_time
20,1,1,0.04021,274,4.333174747931919e+142,3.727178124752805,3.727178124752805,0.0,15.71
