outer,batch,Q,gamma,R,best_norm,eta_CIM,eta_CPM,Sigma_CPM,wall_time
70,2,1,0.04123,356,3.416460830578654e+132,3.5647067934437193,3.5647067934437193,0.0,16.24
