outer,batch,Q,gamma,R,best_norm,eta_CIM,eta_CPM,Sigma_CPM,wall_time
155,3,1,0.04295,351,2.7546269720739046e+114,1.0,1.0,1.3450091900593226e+115,21.32
