outer,batch,Q,gamma,R,best_norm,eta_CIM,eta_CPM,Sigma_CPM,wall_time
100,4,1,0.04188,353,9.886586925613741e+125,1.0,1.0,6.787090855470894e+127,17.77
