outer,batch,Q,gamma,R,best_norm,eta_CIM,eta_CPM,Sigma_CPM,wall_time
360,3,2,0.04056,794,4.267126389583248e+66,5.399528279317435,0.0044052142375573,0.0,86.66
