outer,batch,Q,gamma,R,best_norm,eta_CIM,eta_CPM,Sigma_CPM,wall_time
255,0,1,0.04497,353,1.9613807583014477e+93,1.0,1.0,3.5316499962474096e+93,17.37
