outer,batch,Q,gamma,R,best_norm,eta_CIM,eta_CPM,Sigma_CPM,wall_time
275,0,1,0.04539,452,9.382575263493516e+88,1.0,1.0,2.1684618491725818e+89,31.7
