outer,batch,Q,gamma,R,best_norm,eta_CIM,eta_CPM,Sigma_CPM,wall_time
90,4,1,0.04169,272,7.624640890841638e+128,1.0,1.0,8.898004429423597e+129,15.26
