outer,batch,Q,gamma,R,best_norm,eta_CIM,eta_CPM,Sigma_CPM,wall_time
85,1,1,0.04159,337,2.4621750250293284e+129,1.0,1.0,1.6253220803228299e+131,19.63
