outer,batch,Q,gamma,R,best_norm,eta_CIM,eta_CPM,Sigma_CPM,wall_time
280,0,1,0.04549,282,2.2650209339336814e+87,1.0,1.0,9.867914378716607e+88,13.68
