outer,batch,Q,gamma,R,best_norm,eta_CIM,eta_CPM,Sigma_CPM,wall_time
165,1,1,0.04315,274,2.8569254584620676e+112,0.0786144467555863,0.0786144467555863,0.0,15.52
