outer,batch,Q,gamma,R,best_norm,eta_CIM,eta_CPM,Sigma_CPM,wall_time
380,4,2,0.04093,1581,1.9137116859945313e+62,88.82471105429113,0.13120385099538862,0.0,111.6
