outer,batch,Q,gamma,R,best_norm,eta_CIM,eta_CPM,Sigma_CPM,wall_time
235,3,1,0.04456,405,4.3282529500990165e+97,1.1652854293918602,1.1652854293918602,0.0,25.52
