outer,batch,Q,gamma,R,best_norm,eta_CIM,eta_CPM,Sigma_CPM,wall_time
165,2,1,0.04315,358,4.235962890465954e+112,1.0,1.0,1.1453721003847274e+114,20.91
