outer,batch,Q,gamma,R,best_norm,eta_CIM,eta_CPM,Sigma_CPM,wall_time
375,2,2,0.04084,2358,5.1157227291431845e+62,90.98094172942876,45.03762116421272,0.0,156.01
