outer,batch,Q,gamma,R,best_norm,eta_CIM,eta_CPM,Sigma_CPM,wall_time
285,0,1,0.04560,416,2.6533221516622434e+86,1.0,1.0,5.70640241647545e+87,21.04
