outer,batch,Q,gamma,R,best_norm,eta_CIM,eta_CPM,Sigma_CPM,wall_time
155,1,1,0.04295,354,3.5571362145732734e+114,1.0,1.0,4.926333907431086e+114,21.61
