outer,batch,Q,gamma,R,best_norm,eta_CIM,eta_CPM,Sigma_CPM,wall_time
80,4,1,0.04150,279,5.058568044092464e+130,0.39737516451444604,0.39737516451444604,0.0,15.09
