outer,batch,Q,gamma,R,best_norm,eta_CIM,eta_CPM,Sigma_CPM,wall_time
185,3,1,0.04355,176,2.866627345749795e+108,2.3796939849966985,2.3796939849966985,0.0,10.41
