outer,batch,Q,gamma,R,best_norm,eta_CIM,eta_CPM,Sigma_CPM,wall_time
265,4,1,0.04518,467,6.063578524768348e+91,1.0,1.0,1.9139825594021705e+92,35.39
