outer,batch,Q,gamma,R,best_norm,eta_CIM,eta_CPM,Sigma_CPM,wall_time
245,0,1,0.04477,164,4.428425910558898e+95,1.061220578192119,1.061220578192119,0.0,10.29
