outer,batch,Q,gamma,R,best_norm,eta_CIM,eta_CPM,Sigma_CPM,wall_time
135,0,1,0.04256,359,1.5285935917821258e+119,1.0,1.0,5.996566567273553e+120,16.83
