outer,batch,Q,gamma,R,best_norm,eta_CIM,eta_CPM,Sigma_CPM,wall_time
40,0,1,0.04042,264,6.21403989550546e+139,1.0,1.0,9.897564896901332e+139,15.22
