outer,batch,Q,gamma,R,best_norm,eta_CIM,eta_CPM,Sigma_CPM,wall_time
55,0,1,0.04082,444,3.6909941906687597e+136,1.0,1.0,1.2432487141741053e+137,24.16
