outer,batch,Q,gamma,R,best_norm,eta_CIM,eta_CPM,Sigma_CPM,wall_time
115,4,1,0.04217,355,1.323285215288982e+123,1.0,1.0,1.6779285787803038e+124,17.63
