outer,batch,Q,gamma,R,best_norm,eta_CIM,eta_CPM,Sigma_CPM,wall_time
315,0,1,0.04623,350,2.8125846018109515e+79,1.0,1.0,1.4810670938442955e+79,18.8
