outer,batch,Q,gamma,R,best_norm,eta_CIM,eta_CPM,Sigma_CPM,wall_time
165,0,1,0.04315,284,1.305993625520116e+112,2.212971593192784,2.212971593192784,0.0,13.83
