outer,batch,Q,gamma,R,best_norm,eta_CIM,eta_CPM,Sigma_CPM,wall_time
585,0,1,0.05234,163,1.778503855842809e+45,1.595458796535503,1.595458796535503,0.0,8.11
