outer,batch,Q,gamma,R,best_norm,eta_CIM,eta_CPM,Sigma_CPM,wall_time
115,3,1,0.04217,394,2.5514842562725534e+122,1.0,1.0,1.05170204282743e+124,25.35
