outer,batch,Q,gamma,R,best_norm,eta_CIM,eta_CPM,Sigma_CPM,wall_time
675,3,1,0.05455,409,1.457520690268322e+45,1.8306589750495024,1.8306589750495024,0.0,20.84
