outer,batch,Q,gamma,R,best_norm,eta_CIM,eta_CPM,Sigma_CPM,wall_time
100,2,1,0.04188,403,7.746916636269098e+125,1.0,1.0,1.0063421926009634e+127,20.5
