outer,batch,Q,gamma,R,best_norm,eta_CIM,eta_CPM,Sigma_CPM,wall_time
605,1,1,0.05282,403,1.778503855842809e+45,1.3051243920451445,1.3051243920451445,0.0,22.55
