outer,batch,Q,gamma,R,best_norm,eta_CIM,eta_CPM,Sigma_CPM,wall_time
520,0,1,0.05080,370,2.151185250319787e+45,1.5636211345238236,1.5636211345238236,0.0,18.49
