outer,batch,Q,gamma,R,best_norm,eta_CIM,eta_CPM,Sigma_CPM,wall_time
540,0,1,0.05127,438,1.778503855842809e+45,1.7859766875015406,1.7859766875015406,0.0,24.84
