outer,batch,Q,gamma,R,best_norm,eta_CIM,eta_CPM,Sigma_CPM,wall_time
200,3,1,0.04385,403,3.850007958090673e+103,1.0,1.0,8.339244115355407e+103,25.04
