outer,batch,Q,gamma,R,best_norm,eta_CIM,eta_CPM,Sigma_CPM,wall_time
635,4,1,0.05356,361,1.778503855842809e+45,1.502838547902867,1.502838547902867,0.0,20.63
