outer,batch,Q,gamma,R,best_norm,eta_CIM,eta_CPM,Sigma_CPM,wall_time
275,2,1,0.04539,350,3.9230208039817206e+87,1.0,1.0,8.683816418487311e+87,17.57
