outer,batch,Q,gamma,R,best_norm,eta_CIM,eta_CPM,Sigma_CPM,wall_time
505,1,1,0.05045,411,2.622319979111173e+45,1.2704740353551731,1.2704740353551731,0.0,21.66
