outer,batch,Q,gamma,R,best_norm,eta_CIM,eta_CPM,Sigma_CPM,wall_time
115,4,1,0.04217,355,1.7552752624062834e+122,1.0,1.0,4.223974600368139e+123,20.21
