outer,batch,Q,gamma,R,best_norm,eta_CIM,eta_CPM,Sigma_CPM,wall_time
495,4,1,0.05022,278,2.622319979111173e+45,1.2589208239954774,1.2589208239954774,0.0,13.21
