outer,batch,Q,gamma,R,best_norm,eta_CIM,eta_CPM,Sigma_CPM,wall_time
670,0,1,0.05442,355,1.778503855842809e+45,1.6226474316404653,1.6226474316404653,0.0,17.59
