outer,batch,Q,gamma,R,best_norm,eta_CIM,eta_CPM,Sigma_CPM,wall_time
685,0,1,0.05480,450,1.8767967514932582e+45,1.3610255871476225,1.3610255871476225,0.0,23.73
