outer,batch,Q,gamma,R,best_norm,eta_CIM,eta_CPM,Sigma_CPM,wall_time
125,2,1,0.04236,353,1.423939893770052e+119,18.381114709119792,18.381114709119792,0.0,21.13
