outer,batch,Q,gamma,R,best_norm,eta_CIM,eta_CPM,Sigma_CPM,wall_time
120,3,1,0.04227,358,1.423939893770052e+119,1.0,1.0,2.5500603163787835e+122,20.33
