outer,batch,Q,gamma,R,best_norm,eta_CIM,eta_CPM,Sigma_CPM,wall_time
560,2,1,0.05174,347,1.778503855842809e+45,1.782241371486495,1.782241371486495,0.0,19.38
