outer,batch,Q,gamma,R,best_norm,eta_CIM,eta_CPM,Sigma_CPM,wall_time
165,0,1,0.04315,470,1.484592133941744e+111,1.0,1.0,1.1014663575836596e+112,28.96
