outer,batch,Q,gamma,R,best_norm,eta_CIM,eta_CPM,Sigma_CPM,wall_time
105,2,1,0.04198,284,1.969598204455584e+125,1.0,1.0,2.5028995615287205e+126,16.15
