outer,batch,Q,gamma,R,best_norm,eta_CIM,eta_CPM,Sigma_CPM,wall_time
510,0,1,0.05057,176,2.0121523399641142e+45,1.2213893678478551,1.2213893678478551,0.0,10.46
