outer,batch,Q,gamma,R,best_norm,eta_CIM,eta_CPM,Sigma_CPM,wall_time
375,4,1,0.04752,356,6.414393473192373e+65,3.9914368351808336,3.9914368351808336,0.0,16.27
