outer,batch,Q,gamma,R,best_norm,eta_CIM,eta_CPM,Sigma_CPM,wall_time
25,2,1,0.04026,286,2.78927751087086e+142,1.0,1.0,1.1226853742021485e+144,15.3
