outer,batch,Q,gamma,R,best_norm,eta_CIM,eta_CPM,Sigma_CPM,wall_time
500,0,1,0.05033,271,1.778503855842809e+45,1.6290865177838405,1.6290865177838405,0.0,12.73
