outer,batch,Q,gamma,R,best_norm,eta_CIM,eta_CPM,Sigma_CPM,wall_time
645,1,1,0.05380,402,1.8767967514932582e+45,1.7354278133857484,1.7354278133857484,0.0,22.59
