outer,batch,Q,gamma,R,best_norm,eta_CIM,eta_CPM,Sigma_CPM,wall_time
635,2,1,0.05356,298,1.457520690268322e+45,1.9232938023703994,1.9232938023703994,0.0,13.1
