outer,batch,Q,gamma,R,best_norm,eta_CIM,eta_CPM,Sigma_CPM,wall_time
580,3,1,0.05222,352,2.0870762759433436e+45,1.0583528121811743,1.0583528121811743,0.0,20.29
