outer,batch,Q,gamma,R,best_norm,eta_CIM,eta_CPM,Sigma_CPM,wall_time
485,1,1,0.04999,345,2.5838334766240628e+45,1.0694012356087397,1.0694012356087397,0.0,16.61
