outer,batch,Q,gamma,R,best_norm,eta_CIM,eta_CPM,Sigma_CPM,wall_time
690,2,1,0.05493,414,1.945335257533201e+45,1.752282659059659,1.752282659059659,0.0,22.0
