outer,batch,Q,gamma,R,best_norm,eta_CIM,eta_CPM,Sigma_CPM,wall_time
650,4,1,0.05393,271,2.0121523399641142e+45,1.1971742118339967,1.1971742118339967,0.0,14.68
