outer,batch,Q,gamma,R,best_norm,eta_CIM,eta_CPM,Sigma_CPM,wall_time
685,1,1,0.05480,283,1.457520690268322e+45,2.2747463497268408,2.2747463497268408,0.0,15.15
