outer,batch,Q,gamma,R,best_norm,eta_CIM,eta_CPM,Sigma_CPM,wall_time
190,2,1,0.04365,348,1.0682000268105597e+105,1.0,1.0,8.570550327998827e+106,17.26
