outer,batch,Q,gamma,R,best_norm,eta_CIM,eta_CPM,Sigma_CPM,wall_time
575,2,1,0.05210,349,2.2072231856706473e+45,1.6832318162957811,1.6832318162957811,0.0,17.68
