outer,batch,Q,gamma,R,best_norm,eta_CIM,eta_CPM,Sigma_CPM,wall_time
690,1,1,0.05493,358,2.152978054003057e+45,1.2533540607904934,1.2533540607904934,0.0,17.05
