outer,batch,Q,gamma,R,best_norm,eta_CIM,eta_CPM,Sigma_CPM,wall_time
495,0,1,0.05022,413,2.2886192633599692e+45,1.2672845416155454,1.2672845416155454,0.0,25.67
