outer,batch,Q,gamma,R,best_norm,eta_CIM,eta_CPM,Sigma_CPM,wall_time
270,0,1,0.04528,409,5.529578162209477e+88,1.0,1.0,1.1336115032228592e+90,25.07
