outer,batch,Q,gamma,R,best_norm,eta_CIM,eta_CPM,Sigma_CPM,wall_time
290,1,1,0.04570,287,2.4969378413096354e+84,1.0,1.0,2.469729444515594e+85,15.93
