outer,batch,Q,gamma,R,best_norm,eta_CIM,eta_CPM,Sigma_CPM,wall_time
255,3,1,0.04497,401,1.0680219295373834e+92,1.0,1.0,1.6356925460353542e+93,24.68
