outer,batch,Q,gamma,R,best_norm,eta_CIM,eta_CPM,Sigma_CPM,wall_time
610,2,1,0.05294,284,2.2072231856706473e+45,1.2282448027540258,1.2282448027540258,0.0,15.69
