outer,batch,Q,gamma,R,best_norm,eta_CIM,eta_CPM,Sigma_CPM,wall_time
280,4,1,0.04549,440,1.1570198923035505e+85,1.0,1.0,8.384614710428633e+84,28.83
