outer,batch,Q,gamma,R,best_norm,eta_CIM,eta_CPM,Sigma_CPM,wall_time
210,2,1,0.04405,407,1.666601276960211e+101,1.6664573411778096,1.6664573411778096,0.0,21.67
