outer,batch,Q,gamma,R,best_norm,eta_CIM,eta_CPM,Sigma_CPM,wall_time
85,3,1,0.04159,357,1.2673525804776948e+129,0.12503379575288578,0.12503379575288578,0.0,17.21
