outer,batch,Q,gamma,R,best_norm,eta_CIM,eta_CPM,Sigma_CPM,wall_time
515,4,1,0.05068,364,2.2783084953628618e+45,1.3063758938630827,1.3063758938630827,0.0,20.45
