outer,batch,Q,gamma,R,best_norm,eta_CIM,eta_CPM,Sigma_CPM,wall_time
590,1,1,0.05246,279,1.778503855842809e+45,1.4540010525506464,1.4540010525506464,0.0,15.9
