outer,batch,Q,gamma,R,best_norm,eta_CIM,eta_CPM,Sigma_CPM,wall_time
245,2,1,0.04477,403,1.387896525930367e+94,2.3113528013487668,2.3113528013487668,0.0,25.33
