outer,batch,Q,gamma,R,best_norm,eta_CIM,eta_CPM,Sigma_CPM,wall_time
315,1,1,0.04623,273,7.916504848056353e+78,1.0,1.0,2.0754403733456443e+79,15.94
