outer,batch,Q,gamma,R,best_norm,eta_CIM,eta_CPM,Sigma_CPM,wall_time
565,4,1,0.05186,294,2.0121523399641142e+45,1.3465069085935109,1.3465069085935109,0.0,15.3
