outer,batch,Q,gamma,R,best_norm,eta_CIM,eta_CPM,Sigma_CPM,wall_time
510,3,1,0.05057,349,1.457520690268322e+45,1.7119748327230522,1.7119748327230522,0.0,16.64
