outer,batch,Q,gamma,R,best_norm,eta_CIM,eta_CPM,Sigma_CPM,wall_time
635,1,1,0.05356,354,2.0870762759433436e+45,1.2201927804781583,1.2201927804781583,0.0,17.1
