outer,batch,Q,gamma,R,best_norm,eta_CIM,eta_CPM,Sigma_CPM,wall_time
185,0,1,0.04355,356,5.277557446478242e+106,1.0,1.0,1.8978039064684162e+105,17.66
