outer,batch,Q,gamma,R,best_norm,eta_CIM,eta_CPM,Sigma_CPM,wall_time
300,0,1,0.04591,274,5.482431133205132e+81,1.0,1.0,9.471381232977513e+82,12.73
