outer,batch,Q,gamma,R,best_norm,eta_CIM,eta_CPM,Sigma_CPM,wall_time
35,3,1,0.04037,272,3.8151222314175974e+139,1.0,1.0,1.646745384717987e+139,12.97
