outer,batch,Q,gamma,R,best_norm,eta_CIM,eta_CPM,Sigma_CPM,wall_time
490,2,1,0.05010,350,2.5838334766240628e+45,1.0148951172106475,1.0148951172106475,0.0,21.13
