outer,batch,Q,gamma,R,best_norm,eta_CIM,eta_CPM,Sigma_CPM,wall_time
655,4,1,0.05405,282,1.778503855842809e+45,1.2274993538025107,1.2274993538025107,0.0,12.64
