outer,batch,Q,gamma,R,best_norm,eta_CIM,eta_CPM,Sigma_CPM,wall_time
85,4,1,0.04159,415,2.0370613421244412e+129,1.0,1.0,2.1218290094103637e+130,25.55
