outer,batch,Q,gamma,R,best_norm,eta_CIM,eta_CPM,Sigma_CPM,wall_time
45,4,1,0.04055,281,9.67176715021867e+135,1.0,1.0,6.659980696989077e+137,12.05
