outer,batch,Q,gamma,R,best_norm,eta_CIM,eta_CPM,Sigma_CPM,wall_time
665,2,1,0.05430,345,1.457520690268322e+45,2.2210173609362664,2.2210173609362664,0.0,19.86
