outer,batch,Q,gamma,R,best_norm,eta_CIM,eta_CPM,Sigma_CPM,wall_time
575,0,1,0.05210,274,1.457520690268322e+45,1.9929149406958508,1.9929149406958508,0.0,12.77
