outer,batch,Q,gamma,R,best_norm,eta_CIM,eta_CPM,Sigma_CPM,wall_time
55,4,1,0.04082,399,1.5768656220084997e+136,3.0465574957253523,3.0465574957253523,0.0,19.81
