outer,batch,Q,gamma,R,best_norm,eta_CIM,eta_CPM,Sigma_CPM,wall_time
510,1,1,0.05057,353,2.151185250319787e+45,1.0,1.0,1.2712324504307481e+44,17.55
