outer,batch,Q,gamma,R,best_norm,eta_CIM,eta_CPM,Sigma_CPM,wall_time
155,4,1,0.04295,167,1.2499255709778341e+112,1.0,1.0,1.9499541930051313e+114,9.94
