outer,batch,Q,gamma,R,best_norm,eta_CIM,eta_CPM,Sigma_CPM,wall_time
380,2,1,0.04763,360,6.414393473192373e+65,0.5301100123239245,0.5301100123239245,0.0,20.59
