outer,batch,Q,gamma,R,best_norm,eta_CIM,eta_CPM,Sigma_CPM,wall_time
250,4,1,0.04487,283,1.4405593265083573e+93,0.12154423293928908,0.12154423293928908,0.0,12.99
