outer,batch,Q,gamma,R,best_norm,eta_CIM,eta_CPM,Sigma_CPM,wall_time
650,2,1,0.05393,352,2.151185250319787e+45,1.435109476153879,1.435109476153879,0.0,16.0
