outer,batch,Q,gamma,R,best_norm,eta_CIM,eta_CPM,Sigma_CPM,wall_time
100,3,1,0.04188,356,1.2765165548672153e+126,1.0,1.0,2.887644515473698e+127,20.22
