outer,batch,Q,gamma,R,best_norm,eta_CIM,eta_CPM,Sigma_CPM,wall_time
115,1,1,0.04217,278,6.129210123481799e+122,1.0,1.0,5.035070421846925e+122,12.64
