outer,batch,Q,gamma,R,best_norm,eta_CIM,eta_CPM,Sigma_CPM,wall_time
325,0,1,0.04644,356,8.547281290280299e+75,1.0,1.0,4.4862515948892943e+77,17.05
