outer,batch,Q,gamma,R,best_norm,eta_CIM,eta_CPM,Sigma_CPM,wall_time
235,3,1,0.04456,353,2.8588120331076387e+95,1.0,1.0,5.991279852480981e+97,17.74
