outer,batch,Q,gamma,R,best_norm,eta_CIM,eta_CPM,Sigma_CPM,wall_time
605,0,1,0.05282,285,1.457520690268322e+45,1.870576254639591,1.870576254639591,0.0,16.28
