outer,batch,Q,gamma,R,best_norm,eta_CIM,eta_CPM,Sigma_CPM,wall_time
685,4,1,0.05480,167,2.0870762759433436e+45,1.2886323011874383,1.2886323011874383,0.0,9.98
