outer,batch,Q,gamma,R,best_norm,eta_CIM,eta_CPM,Sigma_CPM,wall_time
665,4,1,0.05430,276,2.152978054003057e+45,1.2789120511794794,1.2789120511794794,0.0,12.09
