outer,batch,Q,gamma,R,best_norm,eta_CIM,eta_CPM,Sigma_CPM,wall_time
450,3,1,0.04919,163,1.6521968405369981e+50,1.0,1.0,1.5549373688815415e+52,8.09
