outer,batch,Q,gamma,R,best_norm,eta_CIM,eta_CPM,Sigma_CPM,wall_time
565,0,1,0.05186,364,1.778503855842809e+45,1.5101815556752145,1.5101815556752145,0.0,16.39
