outer,batch,Q,gamma,R,best_norm,eta_CIM,eta_CPM,Sigma_CPM,wall_time
615,3,1,0.05307,360,1.945335257533201e+45,1.4736113708743428,1.4736113708743428,0.0,16.72
