outer,batch,Q,gamma,R,best_norm,eta_CIM,eta_CPM,Sigma_CPM,wall_time
240,1,1,0.04466,281,1.0746636444866552e+95,1.0,1.0,6.417319928391589e+96,14.69
