outer,batch,Q,gamma,R,best_norm,eta_CIM,eta_CPM,Sigma_CPM,wall_time
350,0,1,0.04698,347,4.940662497099766e+71,1.0,1.0,5.5775603864398086e+72,20.54
