outer,batch,Q,gamma,R,best_norm,eta_CIM,eta_CPM,Sigma_CPM,wall_time
545,3,1,0.05139,161,2.2072231856706473e+45,1.3877408840237238,1.3877408840237238,0.0,8.06
