outer,batch,Q,gamma,R,best_norm,eta_CIM,eta_CPM,Sigma_CPM,wall_time
200,0,1,0.04385,352,3.3920943910416514e+102,1.0,1.0,3.498823289666512e+104,19.86
