outer,batch,Q,gamma,R,best_norm,eta_CIM,eta_CPM,Sigma_CPM,wall_time
575,1,1,0.05210,347,1.778503855842809e+45,1.2736616415978697,1.2736616415978697,0.0,20.44
