outer,batch,Q,gamma,R,best_norm,eta_CIM,eta_CPM,Sigma_CPM,wall_time
560,0,1,0.05174,175,1.945335257533201e+45,0.9098275203224818,0.9098275203224818,0.0,8.02
