outer,batch,Q,gamma,R,best_norm,eta_CIM,eta_CPM,Sigma_CPM,wall_time
500,4,1,0.05033,469,2.9432655271638624e+45,1.1019894278234363,1.1019894278234363,0.0,29.75
