outer,batch,Q,gamma,R,best_norm,eta_CIM,eta_CPM,Sigma_CPM,wall_time
275,0,1,0.04539,409,1.6105010947902976e+87,1.0,1.0,6.927984734373832e+87,20.73
