outer,batch,Q,gamma,R,best_norm,eta_CIM,eta_CPM,Sigma_CPM,wall_time
600,1,1,0.05270,173,2.0121523399641142e+45,1.4618474207737637,1.4618474207737637,0.0,10.15
