outer,batch,Q,gamma,R,best_norm,eta_CIM,eta_CPM,Sigma_CPM,wall_time
375,2,1,0.04752,409,1.9088643723291003e+67,1.0,1.0,6.471432040126731e+67,20.07
