outer,batch,Q,gamma,R,best_norm,eta_CIM,eta_CPM,Sigma_CPM,wall_time
665,0,1,0.05430,406,2.0870762759433436e+45,1.0995457297923157,1.0995457297923157,0.0,24.24
