outer,batch,Q,gamma,R,best_norm,eta_CIM,eta_CPM,Sigma_CPM,wall_time
430,0,1,0.04874,345,4.03733984392892e+55,1.0,1.0,4.6739631268506826e+55,17.08
