outer,batch,Q,gamma,R,best_norm,eta_CIM,eta_CPM,Sigma_CPM,wall_time
610,4,1,0.05294,365,2.1153801187557004e+45,1.6287155095170756,1.6287155095170756,0.0,16.91
