outer,batch,Q,gamma,R,best_norm,eta_CIM,eta_CPM,Sigma_CPM,wall_time
95,2,1,0.04178,350,7.447405979600702e+126,1.0,1.0,4.469401926000292e+128,16.8
