outer,batch,Q,gamma,R,best_norm,eta_CIM,eta_CPM,Sigma_CPM,wall_time
370,4,1,0.04741,357,3.110442226487603e+67,1.0,1.0,2.581822176273862e+68,16.32
