outer,batch,Q,gamma,R,best_norm,eta_CIM,eta_CPM,Sigma_CPM,wall_time
620,3,1,0.05319,407,2.0870762759433436e+45,1.352469811088041,1.352469811088041,0.0,22.43
