outer,batch,Q,gamma,R,best_norm,eta_CIM,eta_CPM,Sigma_CPM,wall_time
475,0,1,0.04976,284,4.774214999057629e+45,1.0,1.0,6.778881798152643e+46,13.14
