outer,batch,Q,gamma,R,best_norm,eta_CIM,eta_CPM,Sigma_CPM,wall_time
215,3,1,0.04415,272,1.2338666233511473e+100,1.0,1.0,1.2574273302996788e+101,14.83
