outer,batch,Q,gamma,R,best_norm,eta_CIM,eta_CPM,Sigma_CPM,wall_time
30,3,1,0.04031,277,5.461867616135585e+139,1.0,1.0,1.245069054492926e+142,16.65
