outer,batch,Q,gamma,R,best_norm,eta_CIM,eta_CPM,Sigma_CPM,wall_time
540,4,1,0.05127,388,2.3903029749306198e+45,1.4234905380551577,1.4234905380551577,0.0,21.05
