outer,batch,Q,gamma,R,best_norm,eta_CIM,eta_CPM,Sigma_CPM,wall_time
650,1,1,0.05393,174,1.778503855842809e+45,1.7308531495556183,1.7308531495556183,0.0,8.62
