outer,batch,Q,gamma,R,best_norm,eta_CIM,eta_CPM,Sigma_CPM,wall_time
350,4,1,0.04698,275,1.3409419522591773e+72,0.01544575545994109,0.01544575545994109,0.0,12.95
