outer,batch,Q,gamma,R,best_norm,eta_CIM,eta_CPM,Sigma_CPM,wall_time
615,0,1,0.05307,396,1.778503855842809e+45,1.71118766416537,1.71118766416537,0.0,24.85
