outer,batch,Q,gamma,R,best_norm,eta_CIM,eta_CPM,Sigma_CPM,wall_time
555,0,1,0.05162,362,1.945335257533201e+45,1.7335210358705193,1.7335210358705193,0.0,20.8
