outer,batch,Q,gamma,R,best_norm,eta_CIM,eta_CPM,Sigma_CPM,wall_time
495,1,1,0.05022,403,2.3903029749306198e+45,1.0041067442950615,1.0041067442950615,0.0,22.42
