outer,batch,Q,gamma,R,best_norm,eta_CIM,eta_CPM,Sigma_CPM,wall_time
655,1,1,0.05405,404,1.457520690268322e+45,2.266261341157722,2.266261341157722,0.0,24.98
