outer,batch,Q,gamma,R,best_norm,eta_CIM,eta_CPM,Sigma_CPM,wall_time
10,1,1,0.04010,408,3.802359306470874e+145,1.0,1.0,6.131726800224616e+146,21.43
