outer,batch,Q,gamma,R,best_norm,eta_CIM,eta_CPM,Sigma_CPM,wall_time
310,0,1,0.04612,402,1.6195259704790426e+80,1.0,1.0,1.6638802885224993e+80,20.83
