outer,batch,Q,gamma,R,best_norm,eta_CIM,eta_CPM,Sigma_CPM,wall_time
215,2,1,0.04415,285,7.212018796172195e+99,1.0,1.0,2.7051997448449337e+101,12.04
