outer,batch,Q,gamma,R,best_norm,eta_CIM,eta_CPM,Sigma_CPM,wall_time
670,2,1,0.05442,280,1.457520690268322e+45,2.0128902116379908,2.0128902116379908,0.0,12.73
