outer,batch,Q,gamma,R,best_norm,eta_CIM,eta_CPM,Sigma_CPM,wall_time
135,3,1,0.04256,356,1.6167392708570932e+118,1.0,1.0,3.362331666039607e+119,17.04
