outer,batch,Q,gamma,R,best_norm,eta_CIM,eta_CPM,Sigma_CPM,wall_time
305,3,1,0.04602,353,1.3469455973059193e+81,1.0,1.0,1.2723918130402888e+81,19.88
