outer,batch,Q,gamma,R,best_norm,eta_CIM,eta_CPM,Sigma_CPM,wall_time
160,2,1,0.04305,278,9.196763792731829e+111,3.8274723965858173,3.8274723965858173,0.0,15.63
