outer,batch,Q,gamma,R,best_norm,eta_CIM,eta_CPM,Sigma_CPM,wall_time
565,2,1,0.05186,167,1.457520690268322e+45,1.7148272023850277,1.7148272023850277,0.0,10.06
