outer,batch,Q,gamma,R,best_norm,eta_CIM,eta_CPM,Sigma_CPM,wall_time
265,2,1,0.04518,356,1.2174378091304812e+90,1.0,1.0,7.663773246281594e+90,17.5
