{
  "best_parameters": {
    "dt": 0.01961386822386866,
    "mu": 0.08007188459025269,
    "r": 0.30620603575659927,
    "noise": 0.19232766112888447,
    "steps": 1000
  },
  "best_value": 0.0021853096064926455,
  "n_trials": 61,
  "opt_norm": 1.3017066869459973e+145,
  "cmd": "scripts/optimise_cim_static.py --dim 18 --tag BIG_24_08 --jobs 6 --n-trials 160",
  "finished": "2025-08-19T07:30:35.931262",
  "b_min_norm": 9.915380102491619e+147
}