{
  "best_parameters": {
    "dt": 0.04315594198202047,
    "mu": 0.5801372579029446,
    "r": 0.3589443606314524,
    "noise": 0.21832271760561864,
    "steps": 700
  },
  "best_value": 0.0002849097348134486,
  "n_trials": 103,
  "opt_norm": 1.3698753036497312e+144,
  "cmd": "scripts/optimise_cim_static.py --dim 14 --tag BIG_24_08 --jobs 6 --n-trials 160",
  "finished": "2025-08-19T06:44:20.900690",
  "b_min_norm": 9.915380102491619e+147
}