BRI,Q,gamma,global_best,B_avg,replacements,eta_CIM_max,eta_CPM_max,Sigma_CPM_max,sparsity,BRI_time
54,1,0.04539,3.1067193755219334e+89,1.3337230889251571e+91,50,1.0,1.0,3.2186077925387e+91,0.8200745418660873,21.74
