BRI,Q,gamma,global_best,B_avg,replacements,eta_CIM_max,eta_CPM_max,Sigma_CPM_max,sparsity,BRI_time
5,1,0.04031,6.825472021784362e+141,2.640115664455862e+143,50,1.0,1.0,5.260335653411005e+143,0.7977132207315668,24.68
