BRI,Q,gamma,global_best,B_avg,replacements,eta_CIM_max,eta_CPM_max,Sigma_CPM_max,sparsity,BRI_time
70,2,0.04046,5.060653458058843e+68,3.447577414168509e+70,50,0.08675561656967223,0.004455145706806895,6.332444718535373e+71,0.7810082130361014,218.34
