BRI,Q,gamma,global_best,mean_pool,replacements,eta_CIM_max,eta_CPM_max,Sigma_CPM_max,BRI_time
61,2,0.06468,1.3308469386089228e+51,5.764701416389894e+52,50,2.2311213426213192,0.004479753718233503,7.1757449743899225e+53,431.26
