BRI,Q,gamma,global_best,mean_pool,replacements,eta_CIM_max,eta_CPM_max,Sigma_CPM_max,BRI_time
25,2,0.06043,2.350467129167314e+108,1.2672825158433045e+110,48,9.221307089819929,0.00818460760410958,5.680535149135224e+110,412.44
