{
  "best_parameters": {
    "dt": 0.022084911518680958,
    "mu": 0.2138296658325626,
    "r": 0.3664485811968304,
    "noise": 0.035496285867046624,
    "steps": 900
  },
  "best_value": 0.0015449906602788433,
  "n_trials": 53,
  "opt_norm": 1.4649977996743734e+145,
  "cmd": "scripts/optimise_cim_static.py --dim 28 --tag BIG_24_08 --jobs 6 --n-trials 160",
  "finished": "2025-08-19T09:57:51.528239",
  "b_min_norm": 9.915380102491619e+147
}