outer,batch,Q,gamma,R,best_norm,eta_CIM,eta_CPM,Sigma_CPM,wall_time
5,2,1,0.04005,222,1.2646423758028028e+147,1.0,1.0,8.650737726688814e+147,55.8
