outer,batch,Q,gamma,R,best_norm,eta_CIM,eta_CPM,Sigma_CPM,wall_time
105,3,1,0.04198,279,1.9262854983888247e+127,1.0,1.0,8.81709635231703e+128,67.58
