outer,batch,Q,gamma,R,best_norm,eta_CIM,eta_CPM,Sigma_CPM,wall_time
80,2,1,0.04150,375,4.0088540015452077e+132,1.0,1.0,3.127192793730193e+133,75.69
