outer,batch,Q,gamma,R,best_norm,eta_CIM,eta_CPM,Sigma_CPM,wall_time
10,3,1,0.04010,283,5.287075381431486e+146,1.0,1.0,1.8857853778608525e+147,57.22
