outer,batch,Q,gamma,R,best_norm,eta_CIM,eta_CPM,Sigma_CPM,wall_time
20,2,1,0.04021,318,3.503922808449987e+143,1.0,1.0,3.448368680465654e+145,71.15
