outer,batch,Q,gamma,R,best_norm,eta_CIM,eta_CPM,Sigma_CPM,wall_time
0,3,1,0.04000,235,1.4277332212125383e+148,1.0,1.0,2.932512423139607e+148,55.79
