outer,batch,Q,gamma,R,best_norm,eta_CIM,eta_CPM,Sigma_CPM,wall_time
50,0,1,0.04069,218,5.4276789237793007e+138,1.0,1.0,2.7219823313094164e+139,54.28
