outer,batch,Q,gamma,R,best_norm,eta_CIM,eta_CPM,Sigma_CPM,wall_time
70,0,1,0.04123,225,3.4971583354397376e+134,1.0,1.0,6.040104908581466e+134,54.17
