outer,batch,Q,gamma,R,best_norm,eta_CIM,eta_CPM,Sigma_CPM,wall_time
105,2,1,0.04198,161,7.994519949284416e+127,1.0,1.0,1.2238673979013597e+128,63.3
