outer,batch,Q,gamma,R,best_norm,eta_CIM,eta_CPM,Sigma_CPM,wall_time
85,0,1,0.04159,319,1.07507775060446e+132,1.0,1.0,7.428182034485526e+132,58.11
