outer,batch,Q,gamma,R,best_norm,eta_CIM,eta_CPM,Sigma_CPM,wall_time
95,1,1,0.04178,291,4.9888793730935114e+129,1.0,1.0,4.867212929600887e+130,67.88
