outer,batch,Q,gamma,R,best_norm,eta_CIM,eta_CPM,Sigma_CPM,wall_time
5,1,1,0.04005,221,3.387166232854816e+147,5.331446678831775,5.331446678831775,0.0,66.22
