outer,batch,Q,gamma,R,best_norm,eta_CIM,eta_CPM,Sigma_CPM,wall_time
55,0,1,0.04082,229,3.833043660266606e+136,1.0,1.0,1.7655033054679518e+138,53.41
