outer,batch,Q,gamma,R,best_norm,eta_CIM,eta_CPM,Sigma_CPM,wall_time
105,0,1,0.04198,311,7.299148658278209e+127,1.0078036349154322,1.0078036349154322,0.0,58.76
