outer,batch,Q,gamma,R,best_norm,eta_CIM,eta_CPM,Sigma_CPM,wall_time
90,2,1,0.04169,312,4.393680464375566e+130,1.0,1.0,1.901018274580548e+130,68.63
