outer,batch,Q,gamma,R,best_norm,eta_CIM,eta_CPM,Sigma_CPM,wall_time
580,0,1,0.05222,279,1.945335257533201e+45,1.2068867402517174,1.2068867402517174,0.0,12.79
