outer,batch,Q,gamma,R,best_norm,eta_CIM,eta_CPM,Sigma_CPM,wall_time
465,0,1,0.04953,399,5.7073481298675335e+47,1.0,1.0,1.1810871919752652e+49,21.04
