outer,batch,Q,gamma,R,best_norm,eta_CIM,eta_CPM,Sigma_CPM,wall_time
605,2,1,0.05282,282,2.151185250319787e+45,0.8484942018253363,0.8484942018253363,0.0,16.13
