outer,batch,Q,gamma,R,best_norm,eta_CIM,eta_CPM,Sigma_CPM,wall_time
625,1,1,0.05331,276,1.457520690268322e+45,2.147425420798445,2.147425420798445,0.0,13.4
