outer,batch,Q,gamma,R,best_norm,eta_CIM,eta_CPM,Sigma_CPM,wall_time
70,2,1,0.04123,157,5.6276526001742105e+132,1.0,1.0,1.3394470427489622e+134,9.87
