outer,batch,Q,gamma,R,best_norm,eta_CIM,eta_CPM,Sigma_CPM,wall_time
635,0,1,0.05356,452,2.152978054003057e+45,1.637668854876998,1.637668854876998,0.0,26.43
