outer,batch,Q,gamma,R,best_norm,eta_CIM,eta_CPM,Sigma_CPM,wall_time
655,2,1,0.05405,278,1.945335257533201e+45,1.5956352560771023,1.5956352560771023,0.0,15.19
