outer,batch,Q,gamma,R,best_norm,eta_CIM,eta_CPM,Sigma_CPM,wall_time
200,1,1,0.04385,269,1.425551784403341e+103,1.0,1.0,4.4106170805316177e+102,13.15
