outer,batch,Q,gamma,R,best_norm,eta_CIM,eta_CPM,Sigma_CPM,wall_time
220,1,1,0.04426,165,1.778258598888644e+99,1.0,1.0,1.056040763462283e+100,8.63
