outer,batch,Q,gamma,R,best_norm,eta_CIM,eta_CPM,Sigma_CPM,wall_time
255,4,1,0.04497,284,1.4103684430291548e+92,1.0,1.0,3.2138268724624413e+92,13.14
