outer,batch,Q,gamma,R,best_norm,eta_CIM,eta_CPM,Sigma_CPM,wall_time
580,2,1,0.05222,342,1.457520690268322e+45,2.2433205709838995,2.2433205709838995,0.0,17.76
