outer,batch,Q,gamma,R,best_norm,eta_CIM,eta_CPM,Sigma_CPM,wall_time
555,2,1,0.05162,404,2.0121523399641142e+45,1.5549063076704566,1.5549063076704566,0.0,25.82
