outer,batch,Q,gamma,R,best_norm,eta_CIM,eta_CPM,Sigma_CPM,wall_time
230,2,1,0.04446,353,2.768102505975661e+97,1.0,1.0,1.2424410737058348e+98,17.41
