outer,batch,Q,gamma,R,best_norm,eta_CIM,eta_CPM,Sigma_CPM,wall_time
295,3,1,0.04581,270,3.933314914061135e+82,1.0,1.0,3.928533644106385e+84,14.71
