outer,batch,Q,gamma,R,best_norm,eta_CIM,eta_CPM,Sigma_CPM,wall_time
515,0,1,0.05068,396,1.457520690268322e+45,1.6707567221314377,1.6707567221314377,0.0,25.64
