outer,batch,Q,gamma,R,best_norm,eta_CIM,eta_CPM,Sigma_CPM,wall_time
600,2,1,0.05270,260,1.457520690268322e+45,2.1133610369921314,2.1133610369921314,0.0,14.89
