outer,batch,Q,gamma,R,best_norm,eta_CIM,eta_CPM,Sigma_CPM,wall_time
595,0,1,0.05258,361,1.778503855842809e+45,1.9506314774346976,1.9506314774346976,0.0,19.69
