outer,batch,Q,gamma,R,best_norm,eta_CIM,eta_CPM,Sigma_CPM,wall_time
360,2,1,0.04720,400,6.695153329896448e+68,1.0,1.0,1.0971077364959982e+70,20.18
