outer,batch,Q,gamma,R,best_norm,eta_CIM,eta_CPM,Sigma_CPM,wall_time
145,4,1,0.04276,356,3.727176529138888e+115,1.0,1.0,8.784927025221966e+116,20.23
