outer,batch,Q,gamma,R,best_norm,eta_CIM,eta_CPM,Sigma_CPM,wall_time
525,0,1,0.05091,272,2.2783084953628618e+45,1.3709022590496427,1.3709022590496427,0.0,12.8
