outer,batch,Q,gamma,R,best_norm,eta_CIM,eta_CPM,Sigma_CPM,wall_time
625,0,1,0.05331,275,2.151185250319787e+45,1.5984697935190848,1.5984697935190848,0.0,12.87
