outer,batch,Q,gamma,R,best_norm,eta_CIM,eta_CPM,Sigma_CPM,wall_time
40,4,1,0.04042,264,2.5050969604237506e+137,1.0,1.0,7.083562031249335e+139,13.22
