outer,batch,Q,gamma,R,best_norm,eta_CIM,eta_CPM,Sigma_CPM,wall_time
50,0,1,0.04069,341,9.67176715021867e+135,31.38501058669028,31.38501058669028,0.0,15.97
