outer,batch,Q,gamma,R,best_norm,eta_CIM,eta_CPM,Sigma_CPM,wall_time
285,1,1,0.04560,362,1.1570198923035505e+85,2.3810125403865663,2.3810125403865663,0.0,20.35
