outer,batch,Q,gamma,R,best_norm,eta_CIM,eta_CPM,Sigma_CPM,wall_time
385,0,1,0.04774,392,3.674213897136763e+64,1.2411579605189236,1.2411579605189236,0.0,20.15
