outer,batch,Q,gamma,R,best_norm,eta_CIM,eta_CPM,Sigma_CPM,wall_time
105,3,1,0.04198,366,6.155529611714104e+124,1.0,1.0,1.9467045645430782e+126,18.2
