outer,batch,Q,gamma,R,best_norm,eta_CIM,eta_CPM,Sigma_CPM,wall_time
5,0,1,0.04005,347,8.007508599451232e+146,1.0,1.0,1.7735284793268865e+148,16.46
