outer,batch,Q,gamma,R,best_norm,eta_CIM,eta_CPM,Sigma_CPM,wall_time
340,4,1,0.04676,353,8.874671945106501e+73,1.0,1.0,1.4005411820633502e+74,17.61
