outer,batch,Q,gamma,R,best_norm,eta_CIM,eta_CPM,Sigma_CPM,wall_time
530,2,1,0.05103,167,2.0121523399641142e+45,1.5593515715060386,1.5593515715060386,0.0,10.12
