outer,batch,Q,gamma,R,best_norm,eta_CIM,eta_CPM,Sigma_CPM,wall_time
420,4,1,0.04852,469,1.2325675408306246e+57,1.0,1.0,3.556195501614949e+58,27.65
