outer,batch,Q,gamma,R,best_norm,eta_CIM,eta_CPM,Sigma_CPM,wall_time
660,3,1,0.05417,350,1.8767967514932582e+45,1.1485653469928219,1.1485653469928219,0.0,17.26
