outer,batch,Q,gamma,R,best_norm,eta_CIM,eta_CPM,Sigma_CPM,wall_time
315,0,1,0.04623,356,2.0255290029892045e+78,1.0,1.0,8.795401178175074e+78,17.1
