outer,batch,Q,gamma,R,best_norm,eta_CIM,eta_CPM,Sigma_CPM,wall_time
690,0,1,0.05493,286,1.457520690268322e+45,2.049837524667823,2.049837524667823,0.0,15.66
