outer,batch,Q,gamma,R,best_norm,eta_CIM,eta_CPM,Sigma_CPM,wall_time
355,0,1,0.04709,348,1.51395671717775e+70,1.0,1.0,1.2743962400034736e+70,15.99
