outer,batch,Q,gamma,R,best_norm,eta_CIM,eta_CPM,Sigma_CPM,wall_time
555,1,1,0.05162,352,2.294227433521296e+45,1.3260904314689563,1.3260904314689563,0.0,17.29
