outer,batch,Q,gamma,R,best_norm,eta_CIM,eta_CPM,Sigma_CPM,wall_time
580,4,1,0.05222,356,1.8767967514932582e+45,1.4309480813949267,1.4309480813949267,0.0,16.77
