outer,batch,Q,gamma,R,best_norm,eta_CIM,eta_CPM,Sigma_CPM,wall_time
625,2,1,0.05331,165,2.2783084953628618e+45,1.1174699314326872,1.1174699314326872,0.0,8.65
