outer,batch,Q,gamma,R,best_norm,eta_CIM,eta_CPM,Sigma_CPM,wall_time
380,1,1,0.04763,404,3.9721135364252386e+65,1.0,1.0,2.163053284781832e+66,21.78
