outer,batch,Q,gamma,R,best_norm,eta_CIM,eta_CPM,Sigma_CPM,wall_time
325,3,1,0.04644,444,4.1211046628337186e+76,1.4473479986907556,1.4473479986907556,0.0,24.85
