outer,batch,Q,gamma,R,best_norm,eta_CIM,eta_CPM,Sigma_CPM,wall_time
45,2,1,0.04055,352,3.3966460964163056e+137,1.0,1.0,3.286104952182601e+139,19.21
