outer,batch,Q,gamma,R,best_norm,eta_CIM,eta_CPM,Sigma_CPM,wall_time
605,4,1,0.05282,467,2.0121523399641142e+45,1.4241210633152979,1.4241210633152979,0.0,28.74
