outer,batch,Q,gamma,R,best_norm,eta_CIM,eta_CPM,Sigma_CPM,wall_time
80,2,1,0.04150,279,7.325730104843932e+129,1.0,1.0,5.110125269574419e+131,13.59
