outer,batch,Q,gamma,R,best_norm,eta_CIM,eta_CPM,Sigma_CPM,wall_time
490,3,1,0.05010,343,2.2886192633599692e+45,1.2860441989126639,1.2860441989126639,0.0,17.52
