outer,batch,Q,gamma,R,best_norm,eta_CIM,eta_CPM,Sigma_CPM,wall_time
185,4,1,0.04355,164,2.0274950434245735e+107,0.008346968719238833,0.008346968719238833,0.0,8.25
