outer,batch,Q,gamma,R,best_norm,eta_CIM,eta_CPM,Sigma_CPM,wall_time
535,0,1,0.05115,353,2.151185250319787e+45,1.5884907998347235,1.5884907998347235,0.0,19.77
