outer,batch,Q,gamma,R,best_norm,eta_CIM,eta_CPM,Sigma_CPM,wall_time
205,2,1,0.04395,346,3.3920943910416514e+102,9.79552283700854,9.79552283700854,0.0,18.17
