outer,batch,Q,gamma,R,best_norm,eta_CIM,eta_CPM,Sigma_CPM,wall_time
625,3,1,0.05331,432,1.8767967514932582e+45,1.2186438465971505,1.2186438465971505,0.0,29.38
