outer,batch,Q,gamma,R,best_norm,eta_CIM,eta_CPM,Sigma_CPM,wall_time
645,4,1,0.05380,352,2.151185250319787e+45,1.8018969527694508,1.8018969527694508,0.0,17.4
