outer,batch,Q,gamma,R,best_norm,eta_CIM,eta_CPM,Sigma_CPM,wall_time
395,4,1,0.04796,167,2.628679896874726e+61,5.854207720459093,5.854207720459093,0.0,9.73
