outer,batch,Q,gamma,R,best_norm,eta_CIM,eta_CPM,Sigma_CPM,wall_time
245,0,1,0.04477,340,2.6250044032697093e+93,1.0,1.0,9.461449743138186e+93,17.19
