outer,batch,Q,gamma,R,best_norm,eta_CIM,eta_CPM,Sigma_CPM,wall_time
655,3,1,0.05405,283,1.8767967514932582e+45,1.7351323455227112,1.7351323455227112,0.0,12.67
