outer,batch,Q,gamma,R,best_norm,eta_CIM,eta_CPM,Sigma_CPM,wall_time
660,2,1,0.05417,348,1.457520690268322e+45,2.149642122886045,2.149642122886045,0.0,16.24
