outer,batch,Q,gamma,R,best_norm,eta_CIM,eta_CPM,Sigma_CPM,wall_time
515,2,1,0.05068,445,1.778503855842809e+45,1.3023789112094764,1.3023789112094764,0.0,24.71
