outer,batch,Q,gamma,R,best_norm,eta_CIM,eta_CPM,Sigma_CPM,wall_time
545,1,1,0.05139,348,2.2886192633599692e+45,1.4568992842738595,1.4568992842738595,0.0,19.45
