outer,batch,Q,gamma,R,best_norm,eta_CIM,eta_CPM,Sigma_CPM,wall_time
515,3,1,0.05068,341,2.329485437679671e+45,1.0786320121608532,1.0786320121608532,0.0,17.02
