outer,batch,Q,gamma,R,best_norm,eta_CIM,eta_CPM,Sigma_CPM,wall_time
180,4,1,0.04345,288,2.0274950434245735e+107,1.0,1.0,8.158133301032928e+108,13.64
