outer,batch,Q,gamma,R,best_norm,eta_CIM,eta_CPM,Sigma_CPM,wall_time
355,1,1,0.04709,171,2.340043230088558e+70,1.0,1.0,3.1353451164736836e+71,8.65
