outer,batch,Q,gamma,R,best_norm,eta_CIM,eta_CPM,Sigma_CPM,wall_time
430,1,1,0.04874,342,1.1483135754262213e+55,2.2803665725843776,2.2803665725843776,0.0,17.12
