outer,batch,Q,gamma,R,best_norm,eta_CIM,eta_CPM,Sigma_CPM,wall_time
650,0,1,0.05393,354,1.945335257533201e+45,1.3646217311771704,1.3646217311771704,0.0,16.12
