outer,batch,Q,gamma,R,best_norm,eta_CIM,eta_CPM,Sigma_CPM,wall_time
675,2,1,0.05455,277,1.778503855842809e+45,1.5070562416233582,1.5070562416233582,0.0,15.64
