outer,batch,Q,gamma,R,best_norm,eta_CIM,eta_CPM,Sigma_CPM,wall_time
635,3,1,0.05356,409,2.1153801187557004e+45,1.4322132028020178,1.4322132028020178,0.0,25.85
