outer,batch,Q,gamma,R,best_norm,eta_CIM,eta_CPM,Sigma_CPM,wall_time
295,1,1,0.04581,402,1.8011167398638537e+82,1.0,1.0,2.9914441730976622e+84,21.02
