outer,batch,Q,gamma,R,best_norm,eta_CIM,eta_CPM,Sigma_CPM,wall_time
615,2,1,0.05307,167,2.2483130743550278e+45,1.3422090488192042,1.3422090488192042,0.0,8.51
