outer,batch,Q,gamma,R,best_norm,eta_CIM,eta_CPM,Sigma_CPM,wall_time
665,1,1,0.05430,166,1.8767967514932582e+45,1.433917811355448,1.433917811355448,0.0,8.65
