outer,batch,Q,gamma,R,best_norm,eta_CIM,eta_CPM,Sigma_CPM,wall_time
630,0,1,0.05343,399,1.778503855842809e+45,1.4387724086253422,1.4387724086253422,0.0,21.1
