outer,batch,Q,gamma,R,best_norm,eta_CIM,eta_CPM,Sigma_CPM,wall_time
660,1,1,0.05417,409,1.945335257533201e+45,1.5411929249768739,1.5411929249768739,0.0,24.82
