outer,batch,Q,gamma,R,best_norm,eta_CIM,eta_CPM,Sigma_CPM,wall_time
410,4,1,0.04829,351,3.1953174641430385e+58,1.0,1.0,5.872541085780593e+60,19.9
