outer,batch,Q,gamma,R,best_norm,eta_CIM,eta_CPM,Sigma_CPM,wall_time
540,3,1,0.05127,412,2.4576214745223518e+45,0.9553019865855017,0.9553019865855017,0.0,22.34
