outer,batch,Q,gamma,R,best_norm,eta_CIM,eta_CPM,Sigma_CPM,wall_time
525,1,1,0.05091,398,1.945335257533201e+45,1.4873445100862266,1.4873445100862266,0.0,19.63
