outer,batch,Q,gamma,R,best_norm,eta_CIM,eta_CPM,Sigma_CPM,wall_time
465,1,1,0.04953,157,4.5299253708956636e+47,1.0,1.0,4.800534324749303e+48,10.14
