outer,batch,Q,gamma,R,best_norm,eta_CIM,eta_CPM,Sigma_CPM,wall_time
570,3,1,0.05198,272,2.2886192633599692e+45,1.2096973592500015,1.2096973592500015,0.0,12.07
