outer,batch,Q,gamma,R,best_norm,eta_CIM,eta_CPM,Sigma_CPM,wall_time
190,4,1,0.04365,396,1.6587587767522152e+105,1.0,1.0,2.4197173509252307e+107,22.26
