outer,batch,Q,gamma,R,best_norm,eta_CIM,eta_CPM,Sigma_CPM,wall_time
680,0,1,0.05467,277,2.2072231856706473e+45,1.586900494947188,1.586900494947188,0.0,14.57
