outer,batch,Q,gamma,R,best_norm,eta_CIM,eta_CPM,Sigma_CPM,wall_time
300,1,1,0.04591,278,1.3237319821364666e+81,1.0,1.0,3.211162703436057e+83,13.47
