outer,batch,Q,gamma,R,best_norm,eta_CIM,eta_CPM,Sigma_CPM,wall_time
395,0,1,0.04796,429,3.0472599126364676e+62,1.0,1.0,8.908570820091359e+63,23.68
