outer,batch,Q,gamma,R,best_norm,eta_CIM,eta_CPM,Sigma_CPM,wall_time
25,0,1,0.04026,285,1.8919754765738747e+142,1.0,1.0,2.105590658918727e+143,12.72
