outer,batch,Q,gamma,R,best_norm,eta_CIM,eta_CPM,Sigma_CPM,wall_time
550,0,1,0.05150,391,2.0121523399641142e+45,1.5826353728845821,1.5826353728845821,0.0,20.03
