outer,batch,Q,gamma,R,best_norm,eta_CIM,eta_CPM,Sigma_CPM,wall_time
45,0,1,0.04055,165,2.5050969604237506e+137,14.524442032349109,14.524442032349109,0.0,8.06
