outer,batch,Q,gamma,R,best_norm,eta_CIM,eta_CPM,Sigma_CPM,wall_time
215,1,1,0.04415,171,3.541660994302996e+100,1.0,1.0,2.9422185760545966e+100,8.1
