{
  "best_parameters": {
    "dt": 0.026589672092813113,
    "mu": 0.4851822070552706,
    "r": 0.2970027983357875,
    "noise": 0.13924100518765745,
    "steps": 700
  },
  "best_value": 0.0024606820560124443,
  "n_trials": 73,
  "opt_norm": 2.30794420222087e+145,
  "cmd": "scripts/optimise_cim_static.py --dim 26 --tag BIG_24_08 --jobs 6 --n-trials 160",
  "finished": "2025-08-19T09:33:25.376720",
  "b_min_norm": 9.915380102491619e+147
}