BRI,Q,gamma,global_best,B_avg,replacements,eta_CIM_max,eta_CPM_max,Sigma_CPM_max,sparsity,BRI_time
9,1,0.04069,4.248046360407238e+136,1.247331312775965e+139,50,1.0,1.0,2.8979007858885066e+139,0.6705552749848521,20.66
