outer,batch,Q,gamma,R,best_norm,eta_CIM,eta_CPM,Sigma_CPM,wall_time
525,4,1,0.05091,166,1.778503855842809e+45,1.3536210739436583,1.3536210739436583,0.0,9.72
