outer,batch,Q,gamma,R,best_norm,eta_CIM,eta_CPM,Sigma_CPM,wall_time
385,1,1,0.04774,361,2.2425438642131843e+64,1.0,1.0,3.74785915000392e+65,16.29
