outer,batch,Q,gamma,R,best_norm,eta_CIM,eta_CPM,Sigma_CPM,wall_time
165,4,1,0.04315,349,1.569980551582992e+111,1.5442832381759617,1.5442832381759617,0.0,18.37
