outer,batch,Q,gamma,R,best_norm,eta_CIM,eta_CPM,Sigma_CPM,wall_time
370,2,1,0.04741,357,3.198943693444457e+67,1.6781892689808895,1.6781892689808895,0.0,16.34
