outer,batch,Q,gamma,R,best_norm,eta_CIM,eta_CPM,Sigma_CPM,wall_time
630,2,1,0.05343,353,2.2072231856706473e+45,1.4324363606634765,1.4324363606634765,0.0,17.07
