outer,batch,Q,gamma,R,best_norm,eta_CIM,eta_CPM,Sigma_CPM,wall_time
245,1,1,0.04477,276,5.706855397679417e+92,1.0,1.0,2.853105177709959e+95,15.98
