outer,batch,Q,gamma,R,best_norm,eta_CIM,eta_CPM,Sigma_CPM,wall_time
610,0,1,0.05294,173,1.457520690268322e+45,1.549146422984548,1.549146422984548,0.0,10.25
