outer,batch,Q,gamma,R,best_norm,eta_CIM,eta_CPM,Sigma_CPM,wall_time
570,4,1,0.05198,356,1.8767967514932582e+45,1.0,1.0,1.3535558847085605e+44,19.51
