outer,batch,Q,gamma,R,best_norm,eta_CIM,eta_CPM,Sigma_CPM,wall_time
535,4,1,0.05115,367,1.945335257533201e+45,1.5507110573856913,1.5507110573856913,0.0,15.97
