outer,batch,Q,gamma,R,best_norm,eta_CIM,eta_CPM,Sigma_CPM,wall_time
560,3,1,0.05174,359,2.2072231856706473e+45,1.2466037808972492,1.2466037808972492,0.0,15.94
