outer,batch,Q,gamma,R,best_norm,eta_CIM,eta_CPM,Sigma_CPM,wall_time
240,3,1,0.04466,414,1.387896525930367e+94,1.0,1.0,3.2159640914002117e+96,20.98
