outer,batch,Q,gamma,R,best_norm,eta_CIM,eta_CPM,Sigma_CPM,wall_time
320,2,1,0.04634,460,4.1211046628337186e+76,1.0,1.0,6.67460867538868e+78,28.25
