outer,batch,Q,gamma,R,best_norm,eta_CIM,eta_CPM,Sigma_CPM,wall_time
90,3,1,0.04169,351,1.324079196704487e+128,1.0,1.0,1.9046534224539924e+129,19.99
