outer,batch,Q,gamma,R,best_norm,eta_CIM,eta_CPM,Sigma_CPM,wall_time
485,3,1,0.04999,347,2.6016159887023967e+45,1.2274198135352472,1.2274198135352472,0.0,20.39
