outer,batch,Q,gamma,R,best_norm,eta_CIM,eta_CPM,Sigma_CPM,wall_time
645,2,1,0.05380,355,1.778503855842809e+45,1.3441979224598446,1.3441979224598446,0.0,21.21
