outer,batch,Q,gamma,R,best_norm,eta_CIM,eta_CPM,Sigma_CPM,wall_time
675,0,1,0.05455,360,2.1153801187557004e+45,1.2943235226663454,1.2943235226663454,0.0,17.08
