outer,batch,Q,gamma,R,best_norm,eta_CIM,eta_CPM,Sigma_CPM,wall_time
575,4,1,0.05210,274,2.0121523399641142e+45,1.52292355660441,1.52292355660441,0.0,12.72
