outer,batch,Q,gamma,R,best_norm,eta_CIM,eta_CPM,Sigma_CPM,wall_time
545,0,1,0.05139,354,2.2783084953628618e+45,1.608507354717047,1.608507354717047,0.0,19.8
