outer,batch,Q,gamma,R,best_norm,eta_CIM,eta_CPM,Sigma_CPM,wall_time
580,1,1,0.05222,349,2.2886192633599692e+45,1.2985020222875723,1.2985020222875723,0.0,20.47
