outer,batch,Q,gamma,R,best_norm,eta_CIM,eta_CPM,Sigma_CPM,wall_time
225,0,1,0.04436,353,4.8830048232232214e+98,1.0,1.0,8.536642146713249e+99,16.69
