outer,batch,Q,gamma,R,best_norm,eta_CIM,eta_CPM,Sigma_CPM,wall_time
535,2,1,0.05115,420,2.0121523399641142e+45,1.4415058882298835,1.4415058882298835,0.0,24.13
