outer,batch,Q,gamma,R,best_norm,eta_CIM,eta_CPM,Sigma_CPM,wall_time
490,1,1,0.05010,282,1.778503855842809e+45,1.7543735551520847,1.7543735551520847,0.0,16.14
