outer,batch,Q,gamma,R,best_norm,eta_CIM,eta_CPM,Sigma_CPM,wall_time
490,0,1,0.05010,348,3.5616994004630054e+45,1.010747036503166,1.010747036503166,0.0,17.45
