outer,batch,Q,gamma,R,best_norm,eta_CIM,eta_CPM,Sigma_CPM,wall_time
620,2,1,0.05319,334,1.778503855842809e+45,1.4922280594783652,1.4922280594783652,0.0,17.39
