outer,batch,Q,gamma,R,best_norm,eta_CIM,eta_CPM,Sigma_CPM,wall_time
130,4,1,0.04246,406,1.423939893770052e+119,0.5622874652066463,0.5622874652066463,0.0,21.77
