outer,batch,Q,gamma,R,best_norm,eta_CIM,eta_CPM,Sigma_CPM,wall_time
150,1,1,0.04285,275,1.0027700096254533e+114,1.0,1.0,2.8287897517350464e+115,13.63
