outer,batch,Q,gamma,R,best_norm,eta_CIM,eta_CPM,Sigma_CPM,wall_time
655,0,1,0.05405,287,2.0121523399641142e+45,1.4846124399596874,1.4846124399596874,0.0,13.41
