outer,batch,Q,gamma,R,best_norm,eta_CIM,eta_CPM,Sigma_CPM,wall_time
55,3,1,0.04082,283,9.67176715021867e+135,1.6127548172665227,1.6127548172665227,0.0,14.68
