outer,batch,Q,gamma,R,best_norm,eta_CIM,eta_CPM,Sigma_CPM,wall_time
35,1,1,0.04037,278,2.410212037351489e+140,0.14623937472010337,0.14623937472010337,0.0,14.73
