outer,batch,Q,gamma,R,best_norm,eta_CIM,eta_CPM,Sigma_CPM,wall_time
155,3,1,0.04295,163,9.196763792731829e+111,1.0,1.0,9.935732458327214e+113,8.17
