outer,batch,Q,gamma,R,best_norm,eta_CIM,eta_CPM,Sigma_CPM,wall_time
565,1,1,0.05186,397,2.0870762759433436e+45,1.3867112916322244,1.3867112916322244,0.0,21.88
