outer,batch,Q,gamma,R,best_norm,eta_CIM,eta_CPM,Sigma_CPM,wall_time
195,3,1,0.04375,406,1.019971076323795e+105,1.0,1.0,4.9415913886066286e+104,20.32
