outer,batch,Q,gamma,R,best_norm,eta_CIM,eta_CPM,Sigma_CPM,wall_time
190,3,1,0.04365,415,1.5141302151844578e+105,1.0,1.0,5.126144424959796e+106,25.39
