outer,batch,Q,gamma,R,best_norm,eta_CIM,eta_CPM,Sigma_CPM,wall_time
455,0,1,0.04930,347,4.2216328472190484e+49,1.0,1.0,1.2300335558150934e+50,16.79
