outer,batch,Q,gamma,R,best_norm,eta_CIM,eta_CPM,Sigma_CPM,wall_time
150,0,1,0.04285,359,9.06672277732129e+114,1.0,1.0,6.917026079924733e+114,16.93
