outer,batch,Q,gamma,R,best_norm,eta_CIM,eta_CPM,Sigma_CPM,wall_time
170,3,1,0.04325,406,2.5961120665136016e+110,0.02012503271728939,0.02012503271728939,0.0,25.5
