outer,batch,Q,gamma,R,best_norm,eta_CIM,eta_CPM,Sigma_CPM,wall_time
665,3,1,0.05430,346,1.778503855842809e+45,1.7045051281006984,1.7045051281006984,0.0,16.08
