outer,batch,Q,gamma,R,best_norm,eta_CIM,eta_CPM,Sigma_CPM,wall_time
545,2,1,0.05139,351,1.457520690268322e+45,1.8166067595934114,1.8166067595934114,0.0,16.99
