outer,batch,Q,gamma,R,best_norm,eta_CIM,eta_CPM,Sigma_CPM,wall_time
660,0,1,0.05417,444,2.1153801187557004e+45,1.3621691610350086,1.3621691610350086,0.0,23.91
