outer,batch,Q,gamma,R,best_norm,eta_CIM,eta_CPM,Sigma_CPM,wall_time
570,0,1,0.05198,275,2.151185250319787e+45,1.2995137643353467,1.2995137643353467,0.0,14.55
