outer,batch,Q,gamma,R,best_norm,eta_CIM,eta_CPM,Sigma_CPM,wall_time
350,3,1,0.04698,343,2.767082955975567e+71,1.0,1.0,2.5060277660948023e+72,20.8
