outer,batch,Q,gamma,R,best_norm,eta_CIM,eta_CPM,Sigma_CPM,wall_time
675,4,1,0.05455,360,2.0121523399641142e+45,1.6286961891689233,1.6286961891689233,0.0,18.02
