outer,batch,Q,gamma,R,best_norm,eta_CIM,eta_CPM,Sigma_CPM,wall_time
520,3,1,0.05080,351,1.457520690268322e+45,1.9101828815243451,1.9101828815243451,0.0,21.03
