outer,batch,Q,gamma,R,best_norm,eta_CIM,eta_CPM,Sigma_CPM,wall_time
670,3,1,0.05442,408,2.0121523399641142e+45,1.2032372382021979,1.2032372382021979,0.0,25.32
