outer,batch,Q,gamma,R,best_norm,eta_CIM,eta_CPM,Sigma_CPM,wall_time
75,2,1,0.04136,354,4.125880285899433e+131,1.0,1.0,5.215064571584267e+132,20.47
