outer,batch,Q,gamma,R,best_norm,eta_CIM,eta_CPM,Sigma_CPM,wall_time
435,3,1,0.04885,463,7.430322804843195e+52,1.0,1.0,6.806834067612705e+54,34.85
