outer,batch,Q,gamma,R,best_norm,eta_CIM,eta_CPM,Sigma_CPM,wall_time
395,3,1,0.04796,413,3.9733263012575312e+62,1.2273898622747101,1.2273898622747101,0.0,21.15
