outer,batch,Q,gamma,R,best_norm,eta_CIM,eta_CPM,Sigma_CPM,wall_time
675,1,1,0.05455,280,1.8767967514932582e+45,1.4095799872064148,1.4095799872064148,0.0,15.86
