outer,batch,Q,gamma,R,best_norm,eta_CIM,eta_CPM,Sigma_CPM,wall_time
235,1,1,0.04456,354,2.8056849126431167e+96,1.0,1.0,3.56084112882403e+97,20.43
