outer,batch,Q,gamma,R,best_norm,eta_CIM,eta_CPM,Sigma_CPM,wall_time
485,0,1,0.04999,171,1.778503855842809e+45,1.722597310643768,1.722597310643768,0.0,8.3
