outer,batch,Q,gamma,R,best_norm,eta_CIM,eta_CPM,Sigma_CPM,wall_time
175,0,1,0.04335,434,1.1706905825803984e+108,1.0,1.0,1.6870558326632596e+110,24.38
