outer,batch,Q,gamma,R,best_norm,eta_CIM,eta_CPM,Sigma_CPM,wall_time
585,2,1,0.05234,283,2.0870762759433436e+45,1.7504788531779052,1.7504788531779052,0.0,12.12
