outer,batch,Q,gamma,R,best_norm,eta_CIM,eta_CPM,Sigma_CPM,wall_time
45,3,1,0.04055,281,1.0911022790532467e+138,1.0,1.0,4.7179365965773607e+139,12.72
