outer,batch,Q,gamma,R,best_norm,eta_CIM,eta_CPM,Sigma_CPM,wall_time
220,4,1,0.04426,277,5.824263636133224e+99,0.11706785520358733,0.11706785520358733,0.0,14.63
