outer,batch,Q,gamma,R,best_norm,eta_CIM,eta_CPM,Sigma_CPM,wall_time
55,1,1,0.04082,167,1.7422992065410935e+135,1.0,1.0,1.8955468890054395e+137,9.96
