outer,batch,Q,gamma,R,best_norm,eta_CIM,eta_CPM,Sigma_CPM,wall_time
640,4,1,0.05368,388,2.0121523399641142e+45,1.4284858524985569,1.4284858524985569,0.0,25.85
