outer,batch,Q,gamma,R,best_norm,eta_CIM,eta_CPM,Sigma_CPM,wall_time
570,2,1,0.05198,269,1.457520690268322e+45,2.0755135075752924,2.0755135075752924,0.0,12.74
