outer,batch,Q,gamma,R,best_norm,eta_CIM,eta_CPM,Sigma_CPM,wall_time
565,3,1,0.05186,275,1.945335257533201e+45,1.4015295111294548,1.4015295111294548,0.0,12.52
