outer,batch,Q,gamma,R,best_norm,eta_CIM,eta_CPM,Sigma_CPM,wall_time
495,3,1,0.05022,401,1.778503855842809e+45,1.8967427077352292,1.8967427077352292,0.0,25.8
