outer,batch,Q,gamma,R,best_norm,eta_CIM,eta_CPM,Sigma_CPM,wall_time
105,4,1,0.04198,361,3.574639248435146e+124,1.0,1.0,3.531802200026524e+126,17.18
