outer,batch,Q,gamma,R,best_norm,eta_CIM,eta_CPM,Sigma_CPM,wall_time
515,1,1,0.05068,273,2.0121523399641142e+45,1.3537819384755418,1.3537819384755418,0.0,13.73
