outer,batch,Q,gamma,R,best_norm,eta_CIM,eta_CPM,Sigma_CPM,wall_time
20,2,1,0.04021,356,1.4804444954228573e+144,1.0,1.0,4.026011561513591e+144,17.46
