outer,batch,Q,gamma,R,best_norm,eta_CIM,eta_CPM,Sigma_CPM,wall_time
540,2,1,0.05127,278,1.457520690268322e+45,2.4094509725806503,2.4094509725806503,0.0,15.91
