outer,batch,Q,gamma,R,best_norm,eta_CIM,eta_CPM,Sigma_CPM,wall_time
595,3,1,0.05258,343,1.8767967514932582e+45,1.5994159801995869,1.5994159801995869,0.0,19.97
