outer,batch,Q,gamma,R,best_norm,eta_CIM,eta_CPM,Sigma_CPM,wall_time
510,2,1,0.05057,284,2.294227433521296e+45,1.479327359915916,1.479327359915916,0.0,15.39
