outer,batch,Q,gamma,R,best_norm,eta_CIM,eta_CPM,Sigma_CPM,wall_time
680,2,1,0.05467,399,2.1899413764129493e+45,1.3393522567720861,1.3393522567720861,0.0,20.89
