outer,batch,Q,gamma,R,best_norm,eta_CIM,eta_CPM,Sigma_CPM,wall_time
500,3,1,0.05033,408,2.2886192633599692e+45,1.017856257252552,1.017856257252552,0.0,20.5
