outer,batch,Q,gamma,R,best_norm,eta_CIM,eta_CPM,Sigma_CPM,wall_time
630,3,1,0.05343,287,2.0870762759433436e+45,1.4041020742460728,1.4041020742460728,0.0,13.86
