outer,batch,Q,gamma,R,best_norm,eta_CIM,eta_CPM,Sigma_CPM,wall_time
35,0,1,0.04037,277,5.081355422680267e+139,1.0,1.0,3.313261010520068e+141,15.0
