outer,batch,Q,gamma,R,best_norm,eta_CIM,eta_CPM,Sigma_CPM,wall_time
305,4,1,0.04602,362,3.1370669884056554e+80,0.14039480986807354,0.14039480986807354,0.0,17.08
