outer,batch,Q,gamma,R,best_norm,eta_CIM,eta_CPM,Sigma_CPM,wall_time
50,1,1,0.04069,274,1.5768656220084997e+136,1.0,1.0,3.238959534215456e+137,14.69
