outer,batch,Q,gamma,R,best_norm,eta_CIM,eta_CPM,Sigma_CPM,wall_time
360,1,2,0.05624,1477,1.8263064165860113e+41,2.042558388155938,1.3803372541204026,0.0,323.36
