outer,batch,Q,gamma,R,best_norm,eta_CIM,eta_CPM,Sigma_CPM,wall_time
330,4,2,0.06520,2352,1.7006070101572806e+44,0.23202312783743306,0.005590982035730214,6.447604959411201e+45,404.87
