outer,batch,Q,gamma,R,best_norm,eta_CIM,eta_CPM,Sigma_CPM,wall_time
360,4,2,0.05624,2065,2.709086971435993e+41,1.2917179698493342,1.0033273597399575,0.0,397.94
