outer,batch,Q,gamma,R,best_norm,eta_CIM,eta_CPM,Sigma_CPM,wall_time
350,3,2,0.06231,1186,2.709086971435993e+41,1.0190680850795142,0.4814587428364899,0.0,378.27
