outer,batch,Q,gamma,R,best_norm,eta_CIM,eta_CPM,Sigma_CPM,wall_time
40,1,2,0.06198,895,1.4111879370074578e+135,4.319593444452686,0.012634538118276473,0.0,364.79
