outer,batch,Q,gamma,R,best_norm,eta_CIM,eta_CPM,Sigma_CPM,wall_time
345,2,2,0.06559,1189,1.4865615080287284e+41,1.8008809924118592,1.023779833660904,0.0,376.89
