outer,batch,Q,gamma,R,best_norm,eta_CIM,eta_CPM,Sigma_CPM,wall_time
365,4,3,0.10000,3147,1.9250007848837643e+41,2.084496735106013,1.4835869628809282,0.0,855.99
