outer,batch,Q,gamma,R,best_norm,eta_CIM,eta_CPM,Sigma_CPM,wall_time
45,0,2,0.06211,1772,1.4752729805254559e+133,21.149659192593198,0.031729147344974735,0.0,316.37
