outer,batch,Q,gamma,R,best_norm,eta_CIM,eta_CPM,Sigma_CPM,wall_time
225,1,2,0.06277,1485,5.649916754336359e+77,4.307804914243916,0.0025288784336280484,0.0,388.86
