outer,batch,Q,gamma,R,best_norm,eta_CIM,eta_CPM,Sigma_CPM,wall_time
365,3,3,0.10000,1799,2.974808074471961e+41,1.3214624163878481,0.7710013057801245,0.0,703.91
