outer,batch,Q,gamma,R,best_norm,eta_CIM,eta_CPM,Sigma_CPM,wall_time
355,4,2,0.05920,2358,1.6928386442206447e+41,2.538980470665959,1.5306320007029874,0.0,417.7
