outer,batch,Q,gamma,R,best_norm,eta_CIM,eta_CPM,Sigma_CPM,wall_time
315,2,2,0.06481,1766,9.778563590739278e+47,2.107877013530621,0.04807434108401967,0.0,333.1
