outer,batch,Q,gamma,R,best_norm,eta_CIM,eta_CPM,Sigma_CPM,wall_time
85,4,2,0.06298,2920,4.7487060478440565e+121,94.12813447477544,0.016043560292962646,0.0,425.91
