outer,batch,Q,gamma,R,best_norm,eta_CIM,eta_CPM,Sigma_CPM,wall_time
350,2,2,0.06231,892,1.8263064165860113e+41,2.275628167393948,0.8909710143809074,0.0,371.19
