outer,batch,Q,gamma,R,best_norm,eta_CIM,eta_CPM,Sigma_CPM,wall_time
340,0,2,0.06546,899,1.8263064165860113e+41,0.6381721072449572,0.4831140519198394,0.0,304.16
