outer,batch,Q,gamma,R,best_norm,eta_CIM,eta_CPM,Sigma_CPM,wall_time
345,0,2,0.06559,2352,2.709086971435993e+41,1.525998476115927,0.4451364338518777,0.0,339.01
