outer,batch,Q,gamma,R,best_norm,eta_CIM,eta_CPM,Sigma_CPM,wall_time
265,0,2,0.06366,895,1.3307327705329094e+64,44.60509588876601,0.0069837962582827455,0.0,311.32
