outer,batch,Q,gamma,R,best_norm,eta_CIM,eta_CPM,Sigma_CPM,wall_time
90,0,2,0.06298,896,2.5810496723412418e+120,11.773299066737351,0.011841876349622514,0.0,314.4
