outer,batch,Q,gamma,R,best_norm,eta_CIM,eta_CPM,Sigma_CPM,wall_time
365,0,3,0.10000,2700,2.804840924043216e+41,1.3473656206489433,0.7674176179643045,0.0,707.77
