outer,batch,Q,gamma,R,best_norm,eta_CIM,eta_CPM,Sigma_CPM,wall_time
95,4,2,0.05983,1769,2.717786653230017e+118,42.796679403652696,0.017468630564967946,0.0,393.1
