outer,batch,Q,gamma,R,best_norm,eta_CIM,eta_CPM,Sigma_CPM,wall_time
355,1,2,0.05920,1473,3.0134095205839634e+41,1.236245554125864,0.5850842231729367,0.0,390.88
