outer,batch,Q,gamma,R,best_norm,eta_CIM,eta_CPM,Sigma_CPM,wall_time
360,0,2,0.05624,1184,2.804840924043216e+41,1.203122448358721,0.7861558461363879,0.0,323.93
