outer,batch,Q,gamma,R,best_norm,eta_CIM,eta_CPM,Sigma_CPM,wall_time
285,0,2,0.06417,1188,2.4441737160411653e+57,7.931077948396323,0.01728789316757421,0.0,328.06
