outer,batch,Q,gamma,R,best_norm,eta_CIM,eta_CPM,Sigma_CPM,wall_time
330,1,2,0.06520,1773,2.729937379226143e+43,5.222777503111315,0.030090805702146964,1.96110271487774e+46,389.32
