outer,batch,Q,gamma,R,best_norm,eta_CIM,eta_CPM,Sigma_CPM,wall_time
355,0,2,0.05920,1481,1.4865615080287284e+41,2.357365181519422,1.1878298470571238,0.0,338.03
