{
  "best_parameters": {
    "dt": 0.057784762413454094,
    "mu": 0.12533664504262654,
    "r": 0.07276520908781947,
    "noise": 0.005085661099427516,
    "steps": 1000
  },
  "best_value": 0.008803684628290771,
  "n_trials": 91,
  "opt_norm": 9.738344133694266e+145,
  "cmd": "scripts/optimise_cim_static.py --dim 30 --tag BIG_24_08 --jobs 6 --n-trials 160",
  "finished": "2025-08-19T10:36:07.874228",
  "b_min_norm": 9.915380102491619e+147
}