{
  "best_parameters": {
    "dt": 0.04207234315655209,
    "mu": 0.30596958176456573,
    "r": 0.45363438308836185,
    "noise": 0.008244884373423732,
    "steps": 1000
  },
  "best_value": 0.005746727090058226,
  "n_trials": 88,
  "opt_norm": 4.439127834527038e+145,
  "cmd": "scripts/optimise_cim_static.py --dim 24 --tag BIG_24_08 --jobs 6 --n-trials 160",
  "finished": "2025-08-19T09:07:30.242437",
  "b_min_norm": 9.915380102491619e+147
}