BRI,Q,gamma,global_best,B_avg,replacements,eta_CIM_max,eta_CPM_max,Sigma_CPM_max,sparsity,BRI_time
109,1,0.05150,1.457520690268322e+45,2.6757238838359738e+45,2,1.608507354717047,1.608507354717047,0.0,0.14291647227738602,19.84
