{
  "best_parameters": {
    "dt": 0.011426095469971913,
    "mu": 0.7722495375908847,
    "r": 0.3173028194658838,
    "noise": 0.2512821885293023,
    "steps": 1000
  },
  "best_value": 0.0003622834489652337,
  "n_trials": 51,
  "opt_norm": 2.5770589088340712e+144,
  "cmd": "scripts/optimise_cim_static.py --dim 22 --tag BIG_24_08 --jobs 6 --n-trials 160",
  "finished": "2025-08-19T08:29:10.408317",
  "b_min_norm": 9.915380102491619e+147
}