{
  "best_parameters": {
    "dt": 0.06145778611437242,
    "mu": 0.4669149923036774,
    "r": 0.3225056725806838,
    "noise": 0.01759971209872348,
    "steps": 1000
  },
  "best_value": 0.014477659492062719,
  "n_trials": 54,
  "opt_norm": 6.6938474055273e+145,
  "cmd": "scripts/optimise_cim_static.py --dim 16 --tag BIG_24_08 --jobs 6 --n-trials 160",
  "finished": "2025-08-19T07:05:54.147586",
  "b_min_norm": 9.915380102491619e+147
}