{
  "best_parameters": {
    "dt": 0.03909933878164678,
    "mu": 0.4102572411418392,
    "r": 0.13562695825770626,
    "noise": 0.009431989822490675,
    "steps": 1000
  },
  "best_value": 0.4172493943242634,
  "n_trials": 89,
  "opt_norm": 3.1532126833539466e+147,
  "cmd": "scripts/optimise_cim_static.py --dim 10 --tag BIG_24_08 --jobs 6 --n-trials 160",
  "finished": "2025-08-19T05:43:44.398977",
  "b_min_norm": 9.915380102491619e+147
}