{
  "best_parameters": {
    "dt": 0.03863064911982854,
    "mu": 0.07141918572266584,
    "r": 0.05944601605833785,
    "noise": 0.011565947546674586,
    "steps": 1000
  },
  "best_value": 0.15321165078769436,
  "n_trials": 59,
  "opt_norm": 9.614026176788523e+146,
  "cmd": "scripts/optimise_cim_static.py --dim 12 --tag BIG_24_08 --jobs 6 --n-trials 160",
  "finished": "2025-08-19T06:08:35.280264",
  "b_min_norm": 9.915380102491619e+147
}