{
  "best_parameters": {
    "dt": 0.020772020286821194,
    "mu": 0.0958554902739017,
    "r": 0.29740032333349964,
    "noise": 0.15879188622603502,
    "steps": 800
  },
  "best_value": 0.001839017097190541,
  "n_trials": 95,
  "opt_norm": 1.397484593378349e+145,
  "cmd": "scripts/optimise_cim_static.py --dim 20 --tag BIG_24_08 --jobs 6 --n-trials 160",
  "finished": "2025-08-19T08:03:35.475764",
  "b_min_norm": 9.915380102491619e+147
}