outer,batch,Q,gamma,R,best_norm,eta_CIM,eta_CPM,Sigma_CPM,wall_time
265,1,1,0.04518,353,3.820415888309083e+90,1.0,1.0,1.1433226184783264e+92,17.29
