outer,batch,Q,gamma,R,best_norm,eta_CIM,eta_CPM,Sigma_CPM,wall_time
10,2,1,0.04010,353,1.3987179084752321e+143,1.0,1.0,1.0988098154199514e+147,20.24
