outer,batch,Q,gamma,R,best_norm,eta_CIM,eta_CPM,Sigma_CPM,wall_time
195,4,1,0.04375,350,1.292886084412416e+106,1.0,1.0,8.926377674830653e+106,20.89
