outer,batch,Q,gamma,R,best_norm,eta_CIM,eta_CPM,Sigma_CPM,wall_time
45,2,1,0.04055,282,1.4823627266235036e+138,1.0,1.0,2.4858687592110516e+139,13.56
