outer,batch,Q,gamma,R,best_norm,eta_CIM,eta_CPM,Sigma_CPM,wall_time
5,1,1,0.04005,344,4.848405379732943e+146,1.0,1.0,9.430539564518323e+147,20.99
