outer,batch,Q,gamma,R,best_norm,eta_CIM,eta_CPM,Sigma_CPM,wall_time
185,4,1,0.04355,275,8.888153291026652e+107,1.0,1.0,1.0866642133343254e+109,15.3
