outer,batch,Q,gamma,R,best_norm,eta_CIM,eta_CPM,Sigma_CPM,wall_time
290,0,1,0.04570,438,4.477870277830222e+85,1.0,1.0,2.2055351238792212e+86,26.62
