outer,batch,Q,gamma,R,best_norm,eta_CIM,eta_CPM,Sigma_CPM,wall_time
385,1,3,0.06000,8997,1.1346495621983972e+61,2376.3264682078357,820.78391838271,0.0,638.0
