outer,batch,Q,gamma,R,best_norm,eta_CIM,eta_CPM,Sigma_CPM,wall_time
160,2,1,0.04305,160,2.7546269720739046e+114,0.04665582836816711,0.04665582836816711,0.0,8.73
