outer,batch,Q,gamma,R,best_norm,eta_CIM,eta_CPM,Sigma_CPM,wall_time
380,1,2,0.04093,3099,4.786935373085092e+61,41.68664043162696,0.00471763244881249,0.0,169.07
