outer,batch,Q,gamma,R,best_norm,eta_CIM,eta_CPM,Sigma_CPM,wall_time
245,2,1,0.04477,347,1.570183033239403e+95,1.0563212763707517,1.0563212763707517,0.0,19.45
