outer,batch,Q,gamma,R,best_norm,eta_CIM,eta_CPM,Sigma_CPM,wall_time
300,2,1,0.04591,279,3.0525702833912016e+82,1.0,1.0,9.560511681513191e+83,15.66
