outer,batch,Q,gamma,R,best_norm,eta_CIM,eta_CPM,Sigma_CPM,wall_time
75,2,1,0.04136,163,3.695201406998061e+131,1.0,1.0,3.0469406898788477e+132,8.11
