outer,batch,Q,gamma,R,best_norm,eta_CIM,eta_CPM,Sigma_CPM,wall_time
170,0,1,0.04325,269,5.145960757829532e+111,1.0,1.0,2.3755307183839183e+112,13.78
