outer,batch,Q,gamma,R,best_norm,eta_CIM,eta_CPM,Sigma_CPM,wall_time
375,3,2,0.04084,3116,3.7571395133889364e+62,162.06594664164547,114.12761994310509,0.0,151.95
