outer,batch,Q,gamma,R,best_norm,eta_CIM,eta_CPM,Sigma_CPM,wall_time
45,4,1,0.04055,362,1.608962830746674e+138,0.24851417258066102,0.24851417258066102,0.0,20.43
