outer,batch,Q,gamma,R,best_norm,eta_CIM,eta_CPM,Sigma_CPM,wall_time
265,0,1,0.04518,402,2.746574354640181e+91,1.0,1.0,1.259962381069491e+92,25.27
