outer,batch,Q,gamma,R,best_norm,eta_CIM,eta_CPM,Sigma_CPM,wall_time
30,1,1,0.04031,268,5.673182474602441e+140,1.0,1.0,7.043018950587398e+142,15.32
