outer,batch,Q,gamma,R,best_norm,eta_CIM,eta_CPM,Sigma_CPM,wall_time
305,4,1,0.04602,353,1.1895930348265687e+82,1.0,1.0,2.6750890882438013e+83,17.48
