outer,batch,Q,gamma,R,best_norm,eta_CIM,eta_CPM,Sigma_CPM,wall_time
185,0,1,0.04355,401,4.5860427417403766e+108,1.0,1.0,1.218535733085809e+108,20.46
