outer,batch,Q,gamma,R,best_norm,eta_CIM,eta_CPM,Sigma_CPM,wall_time
125,1,1,0.04236,360,6.812310193663992e+120,1.0,1.0,2.1308582481130434e+122,20.45
