outer,batch,Q,gamma,R,best_norm,eta_CIM,eta_CPM,Sigma_CPM,wall_time
95,4,1,0.04178,281,6.885956724727031e+127,1.0,1.0,6.936045218368936e+128,15.61
