outer,batch,Q,gamma,R,best_norm,eta_CIM,eta_CPM,Sigma_CPM,wall_time
60,2,1,0.04095,364,2.218520284290982e+134,1.0,1.0,1.7121065260327904e+136,20.65
