outer,batch,Q,gamma,R,best_norm,eta_CIM,eta_CPM,Sigma_CPM,wall_time
100,2,1,0.04188,390,3.4254565178391576e+126,1.0,1.0,5.41106808892569e+127,25.69
