outer,batch,Q,gamma,R,best_norm,eta_CIM,eta_CPM,Sigma_CPM,wall_time
0,4,1,0.04000,437,1.0954427758666024e+148,1.0,1.0,4.0560536535110406e+149,24.91
