outer,batch,Q,gamma,R,best_norm,eta_CIM,eta_CPM,Sigma_CPM,wall_time
180,0,1,0.04345,362,2.866627345749795e+108,1.0,1.0,1.9879552161593457e+110,19.79
