outer,batch,Q,gamma,R,best_norm,eta_CIM,eta_CPM,Sigma_CPM,wall_time
275,4,1,0.04539,280,1.3021862522933205e+89,1.0,1.0,9.78740621553356e+89,14.47
