outer,batch,Q,gamma,R,best_norm,eta_CIM,eta_CPM,Sigma_CPM,wall_time
150,3,1,0.04285,396,1.2720281994372064e+116,1.0,1.0,1.3660494552793561e+116,26.88
