outer,batch,Q,gamma,R,best_norm,eta_CIM,eta_CPM,Sigma_CPM,wall_time
10,3,1,0.04010,166,9.434864114159952e+145,1.408898682247029,1.408898682247029,0.0,10.61
