outer,batch,Q,gamma,R,best_norm,eta_CIM,eta_CPM,Sigma_CPM,wall_time
120,3,1,0.04227,169,1.0818748805768137e+123,0.2653973724439438,0.2653973724439438,0.0,10.17
