outer,batch,Q,gamma,R,best_norm,eta_CIM,eta_CPM,Sigma_CPM,wall_time
185,2,1,0.04355,277,5.325932597068035e+108,0.6162854355135301,0.6162854355135301,0.0,15.09
