outer,batch,Q,gamma,R,best_norm,eta_CIM,eta_CPM,Sigma_CPM,wall_time
35,0,1,0.04037,283,5.673182474602441e+140,1.7083245406325749,1.7083245406325749,0.0,13.11
