outer,batch,Q,gamma,R,best_norm,eta_CIM,eta_CPM,Sigma_CPM,wall_time
235,4,1,0.04456,287,6.5820744145344795e+96,15.344677533557812,15.344677533557812,0.0,13.01
