outer,batch,Q,gamma,R,best_norm,eta_CIM,eta_CPM,Sigma_CPM,wall_time
120,0,1,0.04227,275,2.198981350049683e+122,1.0,1.0,2.7752445930622774e+123,12.43
