outer,batch,Q,gamma,R,best_norm,eta_CIM,eta_CPM,Sigma_CPM,wall_time
290,2,1,0.04570,465,4.4385583822537235e+85,1.0,1.0,9.34012229213632e+86,35.57
