outer,batch,Q,gamma,R,best_norm,eta_CIM,eta_CPM,Sigma_CPM,wall_time
325,3,1,0.04644,412,2.7997191751213104e+78,0.07221265384864826,0.07221265384864826,0.0,24.63
