outer,batch,Q,gamma,R,best_norm,eta_CIM,eta_CPM,Sigma_CPM,wall_time
110,3,1,0.04207,411,1.9267452674948817e+125,1.0551253603620836,1.0551253603620836,0.0,21.44
