outer,batch,Q,gamma,R,best_norm,eta_CIM,eta_CPM,Sigma_CPM,wall_time
225,3,1,0.04436,355,6.5820744145344795e+96,1.0,1.0,9.054536404718678e+100,20.05
