outer,batch,Q,gamma,R,best_norm,eta_CIM,eta_CPM,Sigma_CPM,wall_time
215,1,1,0.04415,346,6.438954937655474e+101,0.40575562265225573,0.40575562265225573,0.0,20.56
