outer,batch,Q,gamma,R,best_norm,eta_CIM,eta_CPM,Sigma_CPM,wall_time
105,0,1,0.04198,273,1.9267452674948817e+125,1.0,1.0,3.2327819910896696e+126,12.75
