outer,batch,Q,gamma,R,best_norm,eta_CIM,eta_CPM,Sigma_CPM,wall_time
205,1,1,0.04395,351,2.173781946485833e+104,1.0,1.0,1.7422534564989264e+105,22.54
