outer,batch,Q,gamma,R,best_norm,eta_CIM,eta_CPM,Sigma_CPM,wall_time
180,2,1,0.04345,299,5.804578474826186e+108,1.0,1.0,7.711299737513267e+109,15.24
