outer,batch,Q,gamma,R,best_norm,eta_CIM,eta_CPM,Sigma_CPM,wall_time
45,3,1,0.04055,234,3.2647502236873467e+139,1.0,1.0,1.9963135759540423e+141,54.49
