outer,batch,Q,gamma,R,best_norm,eta_CIM,eta_CPM,Sigma_CPM,wall_time
105,4,1,0.04198,361,7.68949461251361e+126,1.0,1.0,2.1320849640652752e+128,60.73
