outer,batch,Q,gamma,R,best_norm,eta_CIM,eta_CPM,Sigma_CPM,wall_time
45,1,1,0.04055,88,3.093461481808775e+140,0.25903824193744096,0.25903824193744096,0.0,61.09
