outer,batch,Q,gamma,R,best_norm,eta_CIM,eta_CPM,Sigma_CPM,wall_time
35,0,1,0.04037,89,2.2837627519424938e+142,0.36813246277802686,0.36813246277802686,0.0,50.82
