outer,batch,Q,gamma,R,best_norm,eta_CIM,eta_CPM,Sigma_CPM,wall_time
30,0,1,0.04031,276,1.2082983905814709e+143,0.23463349478265716,0.23463349478265716,0.0,57.18
