outer,batch,Q,gamma,R,best_norm,eta_CIM,eta_CPM,Sigma_CPM,wall_time
25,1,1,0.04026,92,1.7943931732279417e+144,0.41616757804279947,0.41616757804279947,0.0,61.15
