outer,batch,Q,gamma,R,best_norm,eta_CIM,eta_CPM,Sigma_CPM,wall_time
35,2,1,0.04037,274,1.0813493730379677e+141,1.9575180966158394,1.9575180966158394,0.0,68.19
