outer,batch,Q,gamma,R,best_norm,eta_CIM,eta_CPM,Sigma_CPM,wall_time
55,2,1,0.04082,158,1.393710821437889e+137,1.0,1.0,9.839351736816946e+138,62.03
