outer,batch,Q,gamma,R,best_norm,eta_CIM,eta_CPM,Sigma_CPM,wall_time
45,0,1,0.04055,161,4.2026639224222405e+139,1.0,1.0,1.3566880305959881e+139,52.51
