outer,batch,Q,gamma,R,best_norm,eta_CIM,eta_CPM,Sigma_CPM,wall_time
80,0,1,0.04150,272,4.8472142815803405e+132,1.0,1.0,5.138483038139439e+133,57.0
