outer,batch,Q,gamma,R,best_norm,eta_CIM,eta_CPM,Sigma_CPM,wall_time
100,4,1,0.04188,312,3.3878788757524037e+128,1.0,1.0,4.4785718228124134e+129,58.38
