outer,batch,Q,gamma,R,best_norm,eta_CIM,eta_CPM,Sigma_CPM,wall_time
30,2,1,0.04031,312,4.1048737742482377e+142,1.0,1.0,1.3162465060177315e+144,71.53
