outer,batch,Q,gamma,R,best_norm,eta_CIM,eta_CPM,Sigma_CPM,wall_time
60,4,1,0.04095,311,1.2494806798316065e+137,1.0,1.0,1.1960283030651125e+138,57.87
