outer,batch,Q,gamma,R,best_norm,eta_CIM,eta_CPM,Sigma_CPM,wall_time
115,3,1,0.04217,328,3.2203978109112033e+124,1.0,1.0,1.962820872996632e+126,70.0
