outer,batch,Q,gamma,R,best_norm,eta_CIM,eta_CPM,Sigma_CPM,wall_time
115,4,1,0.04217,169,7.05520829604278e+125,1.0,1.0,8.371788942317899e+125,51.73
