outer,batch,Q,gamma,R,best_norm,eta_CIM,eta_CPM,Sigma_CPM,wall_time
75,4,1,0.04136,286,3.410165181032846e+134,0.07380721728920056,0.07380721728920056,0.0,68.11
